-- phpMyAdmin SQL Dump
-- version 4.7.0
-- https://www.phpmyadmin.net/
--
-- Host: 127.0.0.1
-- Generation Time: Oct 11, 2018 at 07:10 PM
-- Server version: 10.1.26-MariaDB
-- PHP Version: 7.1.8

SET SQL_MODE = "NO_AUTO_VALUE_ON_ZERO";
SET AUTOCOMMIT = 0;
START TRANSACTION;
SET time_zone = "+00:00";


/*!40101 SET @OLD_CHARACTER_SET_CLIENT=@@CHARACTER_SET_CLIENT */;
/*!40101 SET @OLD_CHARACTER_SET_RESULTS=@@CHARACTER_SET_RESULTS */;
/*!40101 SET @OLD_COLLATION_CONNECTION=@@COLLATION_CONNECTION */;
/*!40101 SET NAMES utf8mb4 */;

--
-- Database: `finance`
--

-- --------------------------------------------------------

--
-- Table structure for table `acc_receivable_sub_ledger`
--

CREATE TABLE `acc_receivable_sub_ledger` (
  `id` int(11) NOT NULL,
  `account_name` varchar(255) NOT NULL,
  `debit` double NOT NULL,
  `credit` double NOT NULL,
  `balance` double NOT NULL,
  `month` varchar(255) NOT NULL,
  `week` int(11) NOT NULL,
  `day` int(11) NOT NULL
) ENGINE=InnoDB DEFAULT CHARSET=latin1;

--
-- Dumping data for table `acc_receivable_sub_ledger`
--

INSERT INTO `acc_receivable_sub_ledger` (`id`, `account_name`, `debit`, `credit`, `balance`, `month`, `week`, `day`) VALUES
(600, 'CF-01TJA', 12335, 8455, 3880, 'january', 1, 1),
(601, 'ST-01LLM', 7863, 2500, 5363, 'january', 1, 1),
(602, 'ST-04LLM', 3211, 1650, 1561, 'january', 1, 1),
(603, 'SC-01FDV', 15325, 6450, 8875, 'january', 1, 1),
(604, 'CH-01QPI', 8660, 3000, 5660, 'january', 1, 1),
(605, 'PK-01DSN', 9540, 1737, 7803, 'january', 1, 1),
(606, 'CF-01TJA', 16430, 6772, 9658, 'january', 1, 2),
(607, 'ST-01LLM', 3850, 1305, 2545, 'january', 1, 2),
(608, 'ST-04LLM', 11400, 5450, 5950, 'january', 1, 2),
(609, 'SC-01FDV', 4880, 1367, 3513, 'january', 1, 2),
(610, 'CH-01QPI', 16354, 4756, 11598, 'january', 1, 2),
(611, 'PK-01DSN', 21089, 3820, 17269, 'january', 1, 2),
(612, 'CF-01TJA', 7000, 1250, 5750, 'january', 1, 3),
(613, 'ST-01LLM', 18403, 5612, 12791, 'january', 1, 3),
(614, 'ST-04LLM', 15874, 11360, 4514, 'january', 1, 3),
(615, 'SC-01FDV', 8651, 4472, 4179, 'january', 1, 3),
(616, 'CH-01QPI', 18900, 10217, 8683, 'january', 1, 3),
(617, 'PK-01DSN', 11000, 3820, 7180, 'january', 1, 3),
(618, 'CF-01TJA', 4377, 3420, 957, 'january', 1, 4),
(619, 'ST-01LLM', 5235, 2600, 2635, 'january', 1, 4),
(620, 'ST-04LLM', 5061, 2013, 3048, 'january', 1, 4),
(621, 'SC-01FDV', 3963, 1355, 2608, 'january', 1, 4),
(622, 'CH-01QPI', 8900, 1756, 7144, 'january', 1, 4),
(623, 'PK-01DSN', 15470, 3820, 11650, 'january', 1, 4),
(624, 'CF-01TJA', 44377, 13420, 30957, 'january', 1, 5),
(625, 'ST-01LLM', 52357, 12600, 39757, 'january', 1, 5),
(626, 'ST-04LLM', 50611, 5450, 45161, 'january', 1, 5),
(627, 'SC-01FDV', 39634, 10355, 29279, 'january', 1, 5),
(628, 'CH-01QPI', 18900, 4756, 14144, 'january', 1, 5),
(629, 'PK-01DSN', 15470, 3820, 11650, 'january', 1, 5),
(630, 'CF-01TJA', 12335, 8455, 3880, 'january', 1, 6),
(631, 'ST-01LLM', 7863, 2500, 5363, 'january', 1, 6),
(632, 'ST-04LLM', 3211, 1650, 1561, 'january', 1, 6),
(633, 'SC-01FDV', 15325, 6450, 8875, 'january', 1, 6),
(634, 'CH-01QPI', 8660, 3000, 5660, 'january', 1, 6),
(635, 'PK-01DSN', 9540, 1737, 7803, 'january', 1, 6),
(636, 'CF-01TJA', 7000, 1250, 5750, 'january', 1, 7),
(637, 'ST-01LLM', 18403, 5612, 12791, 'january', 1, 7),
(638, 'ST-04LLM', 15874, 11360, 4514, 'january', 1, 7),
(639, 'SC-01FDV', 8651, 4472, 4179, 'january', 1, 7),
(640, 'CH-01QPI', 18900, 10217, 8683, 'january', 1, 7),
(641, 'PK-01DSN', 11000, 3820, 7180, 'january', 1, 7),
(642, 'CF-01TJA', 16430, 6772, 9658, 'january', 2, 1),
(643, 'ST-01LLM', 3850, 1305, 2545, 'january', 2, 1),
(644, 'ST-04LLM', 11400, 5450, 5950, 'january', 2, 1),
(645, 'SC-01FDV', 4880, 1367, 3513, 'january', 2, 1),
(646, 'CH-01QPI', 16354, 4756, 11598, 'january', 2, 1),
(647, 'PK-01DSN', 21089, 3820, 17269, 'january', 2, 1),
(648, 'CF-01TJA', 13486, 8450, 5036, 'january', 2, 2),
(649, 'ST-01LLM', 19155, 8369, 10786, 'january', 2, 2),
(650, 'ST-04LLM', 4300, 1238, 3062, 'january', 2, 2),
(651, 'SC-01FDV', 8752, 2318, 6434, 'january', 2, 2),
(652, 'CH-01QPI', 3575, 1310, 2265, 'january', 2, 2),
(653, 'PK-01DSN', 8633, 3888, 4745, 'january', 2, 2),
(654, 'CF-01TJA', 12335, 8455, 3880, 'january', 2, 3),
(655, 'ST-01LLM', 7863, 2500, 5363, 'january', 2, 3),
(656, 'ST-04LLM', 3211, 1650, 1561, 'january', 2, 3),
(657, 'SC-01FDV', 15325, 6450, 8875, 'january', 2, 3),
(658, 'CH-01QPI', 8660, 3000, 5660, 'january', 2, 3),
(659, 'PK-01DSN', 9540, 1737, 7803, 'january', 2, 3),
(660, 'CF-01TJA', 44377, 13420, 30957, 'january', 2, 4),
(661, 'ST-01LLM', 52357, 12600, 39757, 'january', 2, 4),
(662, 'ST-04LLM', 50611, 5450, 45161, 'january', 2, 4),
(663, 'SC-01FDV', 39634, 10355, 29279, 'january', 2, 4),
(664, 'CH-01QPI', 18900, 4756, 14144, 'january', 2, 4),
(665, 'PK-01DSN', 15470, 3820, 11650, 'january', 2, 4),
(666, 'CF-01TJA', 4377, 3420, 957, 'january', 2, 5),
(667, 'ST-01LLM', 5235, 2600, 2635, 'january', 2, 5),
(668, 'ST-04LLM', 5061, 2013, 3048, 'january', 2, 5),
(669, 'SC-01FDV', 3963, 1355, 2608, 'january', 2, 5),
(670, 'CH-01QPI', 8900, 1756, 7144, 'january', 2, 5),
(671, 'PK-01DSN', 15470, 3820, 11650, 'january', 2, 5),
(672, 'CF-01TJA', 7000, 1250, 5750, 'january', 2, 6),
(673, 'ST-01LLM', 18403, 5612, 12791, 'january', 2, 6),
(674, 'ST-04LLM', 15874, 11360, 4514, 'january', 2, 6),
(675, 'SC-01FDV', 8651, 4472, 4179, 'january', 2, 6),
(676, 'CH-01QPI', 18900, 10217, 8683, 'january', 2, 6),
(677, 'PK-01DSN', 11000, 3820, 7180, 'january', 2, 6),
(678, 'CF-01TJA', 12335, 8455, 3880, 'january', 2, 7),
(679, 'ST-01LLM', 7863, 2500, 5363, 'january', 2, 7),
(680, 'ST-04LLM', 3211, 1650, 1561, 'january', 2, 7),
(681, 'SC-01FDV', 15325, 6450, 8875, 'january', 2, 7),
(682, 'CH-01QPI', 8660, 3000, 5660, 'january', 2, 7),
(683, 'PK-01DSN', 9540, 1737, 7803, 'january', 2, 7),
(684, 'CF-01TJA', 7689, 1420, 6269, 'january', 3, 1),
(685, 'ST-01LLM', 20015, 2600, 17415, 'january', 3, 1),
(686, 'ST-04LLM', 5311, 4872, 439, 'january', 3, 1),
(687, 'SC-01FDV', 4366, 1355, 3011, 'january', 3, 1),
(688, 'CH-01QPI', 8710, 4756, 3954, 'january', 3, 1),
(689, 'PK-01DSN', 11935, 3820, 8115, 'january', 3, 1),
(690, 'CF-01TJA', 16430, 6772, 9658, 'january', 3, 2),
(691, 'ST-01LLM', 3850, 1305, 2545, 'january', 3, 2),
(692, 'ST-04LLM', 11400, 5450, 5950, 'january', 3, 2),
(693, 'SC-01FDV', 4880, 1367, 3513, 'january', 3, 2),
(694, 'CH-01QPI', 16354, 4756, 11598, 'january', 3, 2),
(695, 'PK-01DSN', 21089, 3820, 17269, 'january', 3, 2),
(696, 'CF-01TJA', 7000, 1250, 5750, 'january', 3, 3),
(697, 'ST-01LLM', 18403, 5612, 12791, 'january', 3, 3),
(698, 'ST-04LLM', 15874, 11360, 4514, 'january', 3, 3),
(699, 'SC-01FDV', 8651, 4472, 4179, 'january', 3, 3),
(700, 'CH-01QPI', 18900, 10217, 8683, 'january', 3, 3),
(701, 'PK-01DSN', 11000, 3820, 7180, 'january', 3, 3),
(702, 'CF-01TJA', 13486, 8450, 5036, 'january', 3, 4),
(703, 'ST-01LLM', 19155, 8369, 10786, 'january', 3, 4),
(704, 'ST-04LLM', 4300, 1238, 3062, 'january', 3, 4),
(705, 'SC-01FDV', 8752, 2318, 6434, 'january', 3, 4),
(706, 'CH-01QPI', 3575, 1310, 2265, 'january', 3, 4),
(707, 'PK-01DSN', 8633, 3888, 4745, 'january', 3, 4),
(708, 'CF-01TJA', 12335, 8455, 3880, 'january', 3, 5),
(709, 'ST-01LLM', 7863, 2500, 5363, 'january', 3, 5),
(710, 'ST-04LLM', 3211, 1650, 1561, 'january', 3, 5),
(711, 'SC-01FDV', 15325, 6450, 8875, 'january', 3, 5),
(712, 'CH-01QPI', 8660, 3000, 5660, 'january', 3, 5),
(713, 'PK-01DSN', 9540, 1737, 7803, 'january', 3, 5),
(714, 'CF-01TJA', 16430, 6772, 9658, 'january', 3, 6),
(715, 'ST-01LLM', 3850, 1305, 2545, 'january', 3, 6),
(716, 'ST-04LLM', 11400, 5450, 5950, 'january', 3, 6),
(717, 'SC-01FDV', 4880, 1367, 3513, 'january', 3, 6),
(718, 'CH-01QPI', 16354, 4756, 11598, 'january', 3, 6),
(719, 'PK-01DSN', 21089, 3820, 17269, 'january', 3, 6),
(720, 'CF-01TJA', 7000, 1250, 5750, 'january', 3, 7),
(721, 'ST-01LLM', 18403, 5612, 12791, 'january', 3, 7),
(722, 'ST-04LLM', 15874, 11360, 4514, 'january', 3, 7),
(723, 'SC-01FDV', 8651, 4472, 4179, 'january', 3, 7),
(724, 'CH-01QPI', 18900, 10217, 8683, 'january', 3, 7),
(725, 'PK-01DSN', 11000, 3820, 7180, 'january', 3, 7),
(726, 'CF-01TJA', 7000, 1250, 5750, 'january', 4, 1),
(727, 'ST-01LLM', 18403, 5612, 12791, 'january', 4, 1),
(728, 'ST-04LLM', 15874, 11360, 4514, 'january', 4, 1),
(729, 'SC-01FDV', 8651, 4472, 4179, 'january', 4, 1),
(730, 'CH-01QPI', 18900, 10217, 8683, 'january', 4, 1),
(731, 'PK-01DSN', 11000, 3820, 7180, 'january', 4, 1),
(732, 'CF-01TJA', 12335, 8455, 3880, 'january', 4, 2),
(733, 'ST-01LLM', 7863, 2500, 5363, 'january', 4, 2),
(734, 'ST-04LLM', 3211, 1650, 1561, 'january', 4, 2),
(735, 'SC-01FDV', 15325, 6450, 8875, 'january', 4, 2),
(736, 'CH-01QPI', 8660, 3000, 5660, 'january', 4, 2),
(737, 'PK-01DSN', 9540, 1737, 7803, 'january', 4, 2),
(738, 'CF-01TJA', 16430, 6772, 9658, 'january', 4, 3),
(739, 'ST-01LLM', 3850, 1305, 2545, 'january', 4, 3),
(740, 'ST-04LLM', 11400, 5450, 5950, 'january', 4, 3),
(741, 'SC-01FDV', 4880, 1367, 3513, 'january', 4, 3),
(742, 'CH-01QPI', 16354, 4756, 11598, 'january', 4, 3),
(743, 'PK-01DSN', 21089, 3820, 17269, 'january', 4, 3),
(744, 'CF-01TJA', 7689, 1420, 6269, 'january', 4, 4),
(745, 'ST-01LLM', 20015, 2600, 17415, 'january', 4, 4),
(746, 'ST-04LLM', 5311, 4872, 439, 'january', 4, 4),
(747, 'SC-01FDV', 4366, 1355, 3011, 'january', 4, 4),
(748, 'CH-01QPI', 8710, 4756, 3954, 'january', 4, 4),
(749, 'PK-01DSN', 11935, 3820, 8115, 'january', 4, 4),
(750, 'CF-01TJA', 16430, 6772, 9658, 'january', 4, 5),
(751, 'ST-01LLM', 3850, 1305, 2545, 'january', 4, 5),
(752, 'ST-04LLM', 11400, 5450, 5950, 'january', 4, 5),
(753, 'SC-01FDV', 4880, 1367, 3513, 'january', 4, 5),
(754, 'CH-01QPI', 16354, 4756, 11598, 'january', 4, 5),
(755, 'PK-01DSN', 21089, 3820, 17269, 'january', 4, 5),
(756, 'CF-01TJA', 13486, 8450, 5036, 'january', 4, 6),
(757, 'ST-01LLM', 19155, 8369, 10786, 'january', 4, 6),
(758, 'ST-04LLM', 4300, 1238, 3062, 'january', 4, 6),
(759, 'SC-01FDV', 8752, 2318, 6434, 'january', 4, 6),
(760, 'CH-01QPI', 3575, 1310, 2265, 'january', 4, 6),
(761, 'PK-01DSN', 8633, 3888, 4745, 'january', 4, 6),
(762, 'CF-01TJA', 12335, 8455, 3880, 'january', 4, 7),
(763, 'ST-01LLM', 7863, 2500, 5363, 'january', 4, 7),
(764, 'ST-04LLM', 3211, 1650, 1561, 'january', 4, 7),
(765, 'SC-01FDV', 15325, 6450, 8875, 'january', 4, 7),
(766, 'CH-01QPI', 8660, 3000, 5660, 'january', 4, 7),
(767, 'PK-01DSN', 9540, 1737, 7803, 'january', 4, 7),
(768, 'CF-01TJA', 12335, 8455, 3880, 'february', 1, 1),
(769, 'ST-01LLM', 7863, 2500, 5363, 'february', 1, 1),
(770, 'ST-04LLM', 3211, 1650, 1561, 'february', 1, 1),
(771, 'SC-01FDV', 15325, 6450, 8875, 'february', 1, 1),
(772, 'CH-01QPI', 8660, 3000, 5660, 'february', 1, 1),
(773, 'PK-01DSN', 9540, 1737, 7803, 'february', 1, 1),
(774, 'CF-01TJA', 16430, 6772, 9658, 'february', 1, 2),
(775, 'ST-01LLM', 3850, 1305, 2545, 'february', 1, 2),
(776, 'ST-04LLM', 11400, 5450, 5950, 'february', 1, 2),
(777, 'SC-01FDV', 4880, 1367, 3513, 'february', 1, 2),
(778, 'CH-01QPI', 16354, 4756, 11598, 'february', 1, 2),
(779, 'PK-01DSN', 21089, 3820, 17269, 'february', 1, 2),
(780, 'CF-01TJA', 7000, 1250, 5750, 'february', 1, 3),
(781, 'ST-01LLM', 18403, 5612, 12791, 'february', 1, 3),
(782, 'ST-04LLM', 15874, 11360, 4514, 'february', 1, 3),
(783, 'SC-01FDV', 8651, 4472, 4179, 'february', 1, 3),
(784, 'CH-01QPI', 18900, 10217, 8683, 'february', 1, 3),
(785, 'PK-01DSN', 11000, 3820, 7180, 'february', 1, 3),
(786, 'CF-01TJA', 12850, 3420, 9430, 'february', 1, 4),
(787, 'ST-01LLM', 3450, 2600, 850, 'february', 1, 4),
(788, 'ST-04LLM', 1601, 2013, -412, 'february', 1, 4),
(789, 'SC-01FDV', 4785, 1355, 3430, 'february', 1, 4),
(790, 'CH-01QPI', 18900, 1756, 17144, 'february', 1, 4),
(791, 'PK-01DSN', 15470, 3820, 11650, 'february', 1, 4),
(792, 'CF-01TJA', 44377, 13420, 30957, 'february', 1, 5),
(793, 'ST-01LLM', 52357, 12600, 39757, 'february', 1, 5),
(794, 'ST-04LLM', 50611, 5450, 45161, 'february', 1, 5),
(795, 'SC-01FDV', 39634, 10355, 29279, 'february', 1, 5),
(796, 'CH-01QPI', 18900, 4756, 14144, 'february', 1, 5),
(797, 'PK-01DSN', 15470, 3820, 11650, 'february', 1, 5),
(798, 'CF-01TJA', 12335, 8455, 3880, 'february', 1, 6),
(799, 'ST-01LLM', 7863, 2500, 5363, 'february', 1, 6),
(800, 'ST-04LLM', 3211, 1650, 1561, 'february', 1, 6),
(801, 'SC-01FDV', 15325, 6450, 8875, 'february', 1, 6),
(802, 'CH-01QPI', 8660, 3000, 5660, 'february', 1, 6),
(803, 'PK-01DSN', 9540, 1737, 7803, 'february', 1, 6),
(804, 'CF-01TJA', 7000, 1250, 5750, 'february', 1, 7),
(805, 'ST-01LLM', 18403, 5612, 12791, 'february', 1, 7),
(806, 'ST-04LLM', 15874, 11360, 4514, 'february', 1, 7),
(807, 'SC-01FDV', 8651, 4472, 4179, 'february', 1, 7),
(808, 'CH-01QPI', 18900, 10217, 8683, 'february', 1, 7),
(809, 'PK-01DSN', 11000, 3820, 7180, 'february', 1, 7),
(810, 'CF-01TJA', 16430, 6772, 9658, 'february', 2, 1),
(811, 'ST-01LLM', 3850, 1305, 2545, 'february', 2, 1),
(812, 'ST-04LLM', 11400, 5450, 5950, 'february', 2, 1),
(813, 'SC-01FDV', 4880, 1367, 3513, 'february', 2, 1),
(814, 'CH-01QPI', 16354, 4756, 11598, 'february', 2, 1),
(815, 'PK-01DSN', 21089, 3820, 17269, 'february', 2, 1),
(816, 'CF-01TJA', 13486, 8450, 5036, 'february', 2, 2),
(817, 'ST-01LLM', 19155, 8369, 10786, 'february', 2, 2),
(818, 'ST-04LLM', 4300, 1238, 3062, 'february', 2, 2),
(819, 'SC-01FDV', 8752, 2318, 6434, 'february', 2, 2),
(820, 'CH-01QPI', 3575, 1310, 2265, 'february', 2, 2),
(821, 'PK-01DSN', 8633, 3888, 4745, 'february', 2, 2),
(822, 'CF-01TJA', 12335, 8455, 3880, 'february', 2, 3),
(823, 'ST-01LLM', 7863, 2500, 5363, 'february', 2, 3),
(824, 'ST-04LLM', 3211, 1650, 1561, 'february', 2, 3),
(825, 'SC-01FDV', 15325, 6450, 8875, 'february', 2, 3),
(826, 'CH-01QPI', 8660, 3000, 5660, 'february', 2, 3),
(827, 'PK-01DSN', 9540, 1737, 7803, 'february', 2, 3),
(828, 'CF-01TJA', 44377, 13420, 30957, 'february', 2, 4),
(829, 'ST-01LLM', 52357, 12600, 39757, 'february', 2, 4),
(830, 'ST-04LLM', 50611, 5450, 45161, 'february', 2, 4),
(831, 'SC-01FDV', 39634, 10355, 29279, 'february', 2, 4),
(832, 'CH-01QPI', 18900, 4756, 14144, 'february', 2, 4),
(833, 'PK-01DSN', 15470, 3820, 11650, 'february', 2, 4),
(834, 'CF-01TJA', 12850, 3420, 9430, 'february', 2, 5),
(835, 'ST-01LLM', 3450, 2600, 850, 'february', 2, 5),
(836, 'ST-04LLM', 1601, 2013, -412, 'february', 2, 5),
(837, 'SC-01FDV', 4785, 1355, 3430, 'february', 2, 5),
(838, 'CH-01QPI', 18900, 1756, 17144, 'february', 2, 5),
(839, 'PK-01DSN', 15470, 3820, 11650, 'february', 2, 5),
(840, 'CF-01TJA', 7000, 1250, 5750, 'february', 2, 6),
(841, 'ST-01LLM', 18403, 5612, 12791, 'february', 2, 6),
(842, 'ST-04LLM', 15874, 11360, 4514, 'february', 2, 6),
(843, 'SC-01FDV', 8651, 4472, 4179, 'february', 2, 6),
(844, 'CH-01QPI', 18900, 10217, 8683, 'february', 2, 6),
(845, 'PK-01DSN', 11000, 3820, 7180, 'february', 2, 6),
(846, 'CF-01TJA', 12335, 8455, 3880, 'february', 2, 7),
(847, 'ST-01LLM', 7863, 2500, 5363, 'february', 2, 7),
(848, 'ST-04LLM', 3211, 1650, 1561, 'february', 2, 7),
(849, 'SC-01FDV', 15325, 6450, 8875, 'february', 2, 7),
(850, 'CH-01QPI', 8660, 3000, 5660, 'february', 2, 7),
(851, 'PK-01DSN', 9540, 1737, 7803, 'february', 2, 7),
(852, 'CF-01TJA', 7689, 1420, 6269, 'february', 3, 1),
(853, 'ST-01LLM', 20015, 2600, 17415, 'february', 3, 1),
(854, 'ST-04LLM', 5311, 4872, 439, 'february', 3, 1),
(855, 'SC-01FDV', 4366, 1355, 3011, 'february', 3, 1),
(856, 'CH-01QPI', 8710, 4756, 3954, 'february', 3, 1),
(857, 'PK-01DSN', 11935, 3820, 8115, 'february', 3, 1),
(858, 'CF-01TJA', 16430, 6772, 9658, 'february', 3, 2),
(859, 'ST-01LLM', 3850, 1305, 2545, 'february', 3, 2),
(860, 'ST-04LLM', 11400, 5450, 5950, 'february', 3, 2),
(861, 'SC-01FDV', 4880, 1367, 3513, 'february', 3, 2),
(862, 'CH-01QPI', 16354, 4756, 11598, 'february', 3, 2),
(863, 'PK-01DSN', 21089, 3820, 17269, 'february', 3, 2),
(864, 'CF-01TJA', 7000, 1250, 5750, 'february', 3, 3),
(865, 'ST-01LLM', 18403, 5612, 12791, 'february', 3, 3),
(866, 'ST-04LLM', 15874, 11360, 4514, 'february', 3, 3),
(867, 'SC-01FDV', 8651, 4472, 4179, 'february', 3, 3),
(868, 'CH-01QPI', 18900, 10217, 8683, 'february', 3, 3),
(869, 'PK-01DSN', 11000, 3820, 7180, 'february', 3, 3),
(870, 'CF-01TJA', 13486, 8450, 5036, 'february', 3, 4),
(871, 'ST-01LLM', 19155, 8369, 10786, 'february', 3, 4),
(872, 'ST-04LLM', 4300, 1238, 3062, 'february', 3, 4),
(873, 'SC-01FDV', 8752, 2318, 6434, 'february', 3, 4),
(874, 'CH-01QPI', 3575, 1310, 2265, 'february', 3, 4),
(875, 'PK-01DSN', 8633, 3888, 4745, 'february', 3, 4),
(876, 'CF-01TJA', 12335, 8455, 3880, 'february', 3, 5),
(877, 'ST-01LLM', 7863, 2500, 5363, 'february', 3, 5),
(878, 'ST-04LLM', 3211, 1650, 1561, 'february', 3, 5),
(879, 'SC-01FDV', 15325, 6450, 8875, 'february', 3, 5),
(880, 'CH-01QPI', 8660, 3000, 5660, 'february', 3, 5),
(881, 'PK-01DSN', 9540, 1737, 7803, 'february', 3, 5),
(882, 'CF-01TJA', 16430, 6772, 9658, 'february', 3, 6),
(883, 'ST-01LLM', 3850, 1305, 2545, 'february', 3, 6),
(884, 'ST-04LLM', 11400, 5450, 5950, 'february', 3, 6),
(885, 'SC-01FDV', 4880, 1367, 3513, 'february', 3, 6),
(886, 'CH-01QPI', 16354, 4756, 11598, 'february', 3, 6),
(887, 'PK-01DSN', 21089, 3820, 17269, 'february', 3, 6),
(888, 'CF-01TJA', 7000, 1250, 5750, 'february', 3, 7),
(889, 'ST-01LLM', 18403, 5612, 12791, 'february', 3, 7),
(890, 'ST-04LLM', 15874, 11360, 4514, 'february', 3, 7),
(891, 'SC-01FDV', 8651, 4472, 4179, 'february', 3, 7),
(892, 'CH-01QPI', 18900, 10217, 8683, 'february', 3, 7),
(893, 'PK-01DSN', 11000, 3820, 7180, 'february', 3, 7),
(894, 'CF-01TJA', 12850, 3420, 9430, 'february', 4, 1),
(895, 'ST-01LLM', 3450, 2600, 850, 'february', 4, 1),
(896, 'ST-04LLM', 1601, 2013, -412, 'february', 4, 1),
(897, 'SC-01FDV', 4785, 1355, 3430, 'february', 4, 1),
(898, 'CH-01QPI', 18900, 1756, 17144, 'february', 4, 1),
(899, 'PK-01DSN', 15470, 3820, 11650, 'february', 4, 1),
(900, 'CF-01TJA', 12850, 3420, 9430, 'february', 4, 2),
(901, 'ST-01LLM', 3450, 2600, 850, 'february', 4, 2),
(902, 'ST-04LLM', 1601, 2013, -412, 'february', 4, 2),
(903, 'SC-01FDV', 4785, 1355, 3430, 'february', 4, 2),
(904, 'CH-01QPI', 18900, 1756, 17144, 'february', 4, 2),
(905, 'PK-01DSN', 15470, 3820, 11650, 'february', 4, 2),
(906, 'CF-01TJA', 16430, 6772, 9658, 'february', 4, 3),
(907, 'ST-01LLM', 3850, 1305, 2545, 'february', 4, 3),
(908, 'ST-04LLM', 11400, 5450, 5950, 'february', 4, 3),
(909, 'SC-01FDV', 4880, 1367, 3513, 'february', 4, 3),
(910, 'CH-01QPI', 16354, 4756, 11598, 'february', 4, 3),
(911, 'PK-01DSN', 21089, 3820, 17269, 'february', 4, 3),
(912, 'CF-01TJA', 7689, 1420, 6269, 'february', 4, 4),
(913, 'ST-01LLM', 20015, 2600, 17415, 'february', 4, 4),
(914, 'ST-04LLM', 5311, 4872, 439, 'february', 4, 4),
(915, 'SC-01FDV', 4366, 1355, 3011, 'february', 4, 4),
(916, 'CH-01QPI', 8710, 4756, 3954, 'february', 4, 4),
(917, 'PK-01DSN', 11935, 3820, 8115, 'february', 4, 4),
(918, 'CF-01TJA', 12850, 3420, 9430, 'february', 4, 5),
(919, 'ST-01LLM', 3450, 2600, 850, 'february', 4, 5),
(920, 'ST-04LLM', 1601, 2013, -412, 'february', 4, 5),
(921, 'SC-01FDV', 4785, 1355, 3430, 'february', 4, 5),
(922, 'CH-01QPI', 18900, 1756, 17144, 'february', 4, 5),
(923, 'PK-01DSN', 15470, 3820, 11650, 'february', 4, 5),
(924, 'CF-01TJA', 13486, 8450, 5036, 'february', 4, 6),
(925, 'ST-01LLM', 19155, 8369, 10786, 'february', 4, 6),
(926, 'ST-04LLM', 4300, 1238, 3062, 'february', 4, 6),
(927, 'SC-01FDV', 8752, 2318, 6434, 'february', 4, 6),
(928, 'CH-01QPI', 3575, 1310, 2265, 'february', 4, 6),
(929, 'PK-01DSN', 8633, 3888, 4745, 'february', 4, 6),
(930, 'CF-01TJA', 12335, 8455, 3880, 'february', 4, 7),
(931, 'ST-01LLM', 7863, 2500, 5363, 'february', 4, 7),
(932, 'ST-04LLM', 3211, 1650, 1561, 'february', 4, 7),
(933, 'SC-01FDV', 15325, 6450, 8875, 'february', 4, 7),
(934, 'CH-01QPI', 8660, 3000, 5660, 'february', 4, 7),
(935, 'PK-01DSN', 9540, 1737, 7803, 'february', 4, 7),
(936, 'CF-01TJA', 14066, 8455, 5611, 'march', 1, 1),
(937, 'ST-01LLM', 11385, 2500, 8885, 'march', 1, 1),
(938, 'ST-04LLM', 3211, 1650, 1561, 'march', 1, 1),
(939, 'SC-01FDV', 4158, 4000, 158, 'march', 1, 1),
(940, 'CH-01QPI', 5301, 3000, 2301, 'march', 1, 1),
(941, 'PK-01DSN', 2540, 1737, 803, 'march', 1, 1),
(942, 'CF-01TJA', 16430, 6772, 9658, 'march', 1, 2),
(943, 'ST-01LLM', 3850, 1305, 2545, 'march', 1, 2),
(944, 'ST-04LLM', 11400, 5450, 5950, 'march', 1, 2),
(945, 'SC-01FDV', 4880, 1367, 3513, 'march', 1, 2),
(946, 'CH-01QPI', 16354, 4756, 11598, 'march', 1, 2),
(947, 'PK-01DSN', 21089, 3820, 17269, 'march', 1, 2),
(948, 'CF-01TJA', 7000, 1250, 5750, 'march', 1, 3),
(949, 'ST-01LLM', 18403, 5612, 12791, 'march', 1, 3),
(950, 'ST-04LLM', 15874, 11360, 4514, 'march', 1, 3),
(951, 'SC-01FDV', 8651, 4472, 4179, 'march', 1, 3),
(952, 'CH-01QPI', 18900, 10217, 8683, 'march', 1, 3),
(953, 'PK-01DSN', 11000, 3820, 7180, 'march', 1, 3),
(954, 'CF-01TJA', 12850, 3420, 9430, 'march', 1, 4),
(955, 'ST-01LLM', 3450, 2600, 850, 'march', 1, 4),
(956, 'ST-04LLM', 1601, 2013, -412, 'march', 1, 4),
(957, 'SC-01FDV', 4785, 1355, 3430, 'march', 1, 4),
(958, 'CH-01QPI', 18900, 1756, 17144, 'march', 1, 4),
(959, 'PK-01DSN', 15470, 3820, 11650, 'march', 1, 4),
(960, 'CF-01TJA', 44377, 13420, 30957, 'march', 1, 5),
(961, 'ST-01LLM', 52357, 12600, 39757, 'march', 1, 5),
(962, 'ST-04LLM', 50611, 5450, 45161, 'march', 1, 5),
(963, 'SC-01FDV', 39634, 10355, 29279, 'march', 1, 5),
(964, 'CH-01QPI', 18900, 4756, 14144, 'march', 1, 5),
(965, 'PK-01DSN', 15470, 3820, 11650, 'march', 1, 5),
(966, 'CF-01TJA', 12335, 8455, 3880, 'march', 1, 6),
(967, 'ST-01LLM', 7863, 2500, 5363, 'march', 1, 6),
(968, 'ST-04LLM', 3211, 1650, 1561, 'march', 1, 6),
(969, 'SC-01FDV', 15325, 6450, 8875, 'march', 1, 6),
(970, 'CH-01QPI', 8660, 3000, 5660, 'march', 1, 6),
(971, 'PK-01DSN', 9540, 1737, 7803, 'march', 1, 6),
(972, 'CF-01TJA', 7000, 1250, 5750, 'march', 1, 7),
(973, 'ST-01LLM', 18403, 5612, 12791, 'march', 1, 7),
(974, 'ST-04LLM', 15874, 11360, 4514, 'march', 1, 7),
(975, 'SC-01FDV', 8651, 4472, 4179, 'march', 1, 7),
(976, 'CH-01QPI', 18900, 10217, 8683, 'march', 1, 7),
(977, 'PK-01DSN', 11000, 3820, 7180, 'march', 1, 7),
(978, 'CF-01TJA', 16430, 6772, 9658, 'march', 2, 1),
(979, 'ST-01LLM', 3850, 1305, 2545, 'march', 2, 1),
(980, 'ST-04LLM', 11400, 5450, 5950, 'march', 2, 1),
(981, 'SC-01FDV', 4880, 1367, 3513, 'march', 2, 1),
(982, 'CH-01QPI', 16354, 4756, 11598, 'march', 2, 1),
(983, 'PK-01DSN', 21089, 3820, 17269, 'march', 2, 1),
(984, 'CF-01TJA', 13486, 8450, 5036, 'march', 2, 2),
(985, 'ST-01LLM', 19155, 8369, 10786, 'march', 2, 2),
(986, 'ST-04LLM', 4300, 1238, 3062, 'march', 2, 2),
(987, 'SC-01FDV', 8752, 2318, 6434, 'march', 2, 2),
(988, 'CH-01QPI', 3575, 1310, 2265, 'march', 2, 2),
(989, 'PK-01DSN', 8633, 3888, 4745, 'march', 2, 2),
(990, 'CF-01TJA', 12335, 8455, 3880, 'march', 2, 3),
(991, 'ST-01LLM', 7863, 2500, 5363, 'march', 2, 3),
(992, 'ST-04LLM', 3211, 1650, 1561, 'march', 2, 3),
(993, 'SC-01FDV', 15325, 6450, 8875, 'march', 2, 3),
(994, 'CH-01QPI', 8660, 3000, 5660, 'march', 2, 3),
(995, 'PK-01DSN', 9540, 1737, 7803, 'march', 2, 3),
(996, 'CF-01TJA', 14066, 8455, 5611, 'march', 2, 4),
(997, 'ST-01LLM', 11385, 2500, 8885, 'march', 2, 4),
(998, 'ST-04LLM', 3211, 1650, 1561, 'march', 2, 4),
(999, 'SC-01FDV', 4158, 6450, -2292, 'march', 2, 4),
(1000, 'CH-01QPI', 5301, 3000, 2301, 'march', 2, 4),
(1001, 'PK-01DSN', 2540, 1737, 803, 'march', 2, 4),
(1002, 'CF-01TJA', 12850, 3420, 9430, 'march', 2, 5),
(1003, 'ST-01LLM', 3450, 2600, 850, 'march', 2, 5),
(1004, 'ST-04LLM', 1601, 2013, -412, 'march', 2, 5),
(1005, 'SC-01FDV', 4785, 1355, 3430, 'march', 2, 5),
(1006, 'CH-01QPI', 18900, 1756, 17144, 'march', 2, 5),
(1007, 'PK-01DSN', 15470, 3820, 11650, 'march', 2, 5),
(1008, 'CF-01TJA', 7000, 1250, 5750, 'march', 2, 6),
(1009, 'ST-01LLM', 18403, 5612, 12791, 'march', 2, 6),
(1010, 'ST-04LLM', 15874, 11360, 4514, 'march', 2, 6),
(1011, 'SC-01FDV', 8651, 4472, 4179, 'march', 2, 6),
(1012, 'CH-01QPI', 18900, 10217, 8683, 'march', 2, 6),
(1013, 'PK-01DSN', 11000, 3820, 7180, 'march', 2, 6),
(1014, 'CF-01TJA', 12335, 8455, 3880, 'march', 2, 7),
(1015, 'ST-01LLM', 7863, 2500, 5363, 'march', 2, 7),
(1016, 'ST-04LLM', 3211, 1650, 1561, 'march', 2, 7),
(1017, 'SC-01FDV', 15325, 6450, 8875, 'march', 2, 7),
(1018, 'CH-01QPI', 8660, 3000, 5660, 'march', 2, 7),
(1019, 'PK-01DSN', 9540, 1737, 7803, 'march', 2, 7),
(1020, 'CF-01TJA', 7689, 1420, 6269, 'march', 3, 1),
(1021, 'ST-01LLM', 20015, 2600, 17415, 'march', 3, 1),
(1022, 'ST-04LLM', 5311, 4872, 439, 'march', 3, 1),
(1023, 'SC-01FDV', 4366, 1355, 3011, 'march', 3, 1),
(1024, 'CH-01QPI', 8710, 4756, 3954, 'march', 3, 1),
(1025, 'PK-01DSN', 11935, 3820, 8115, 'march', 3, 1),
(1026, 'CF-01TJA', 16430, 6772, 9658, 'march', 3, 2),
(1027, 'ST-01LLM', 3850, 1305, 2545, 'march', 3, 2),
(1028, 'ST-04LLM', 11400, 5450, 5950, 'march', 3, 2),
(1029, 'SC-01FDV', 4880, 1367, 3513, 'march', 3, 2),
(1030, 'CH-01QPI', 16354, 4756, 11598, 'march', 3, 2),
(1031, 'PK-01DSN', 21089, 3820, 17269, 'march', 3, 2),
(1032, 'CF-01TJA', 7000, 1250, 5750, 'march', 3, 3),
(1033, 'ST-01LLM', 18403, 5612, 12791, 'march', 3, 3),
(1034, 'ST-04LLM', 15874, 11360, 4514, 'march', 3, 3),
(1035, 'SC-01FDV', 8651, 4472, 4179, 'march', 3, 3),
(1036, 'CH-01QPI', 18900, 10217, 8683, 'march', 3, 3),
(1037, 'PK-01DSN', 11000, 3820, 7180, 'march', 3, 3),
(1038, 'CF-01TJA', 13486, 8450, 5036, 'march', 3, 4),
(1039, 'ST-01LLM', 19155, 8369, 10786, 'march', 3, 4),
(1040, 'ST-04LLM', 4300, 1238, 3062, 'march', 3, 4),
(1041, 'SC-01FDV', 8752, 2318, 6434, 'march', 3, 4),
(1042, 'CH-01QPI', 3575, 1310, 2265, 'march', 3, 4),
(1043, 'PK-01DSN', 8633, 3888, 4745, 'march', 3, 4),
(1044, 'CF-01TJA', 14066, 8455, 5611, 'march', 3, 5),
(1045, 'ST-01LLM', 11385, 2500, 8885, 'march', 3, 5),
(1046, 'ST-04LLM', 3211, 1650, 1561, 'march', 3, 5),
(1047, 'SC-01FDV', 4158, 6450, -2292, 'march', 3, 5),
(1048, 'CH-01QPI', 5301, 3000, 2301, 'march', 3, 5),
(1049, 'PK-01DSN', 2540, 1737, 803, 'march', 3, 5),
(1050, 'CF-01TJA', 16430, 6772, 9658, 'march', 3, 6),
(1051, 'ST-01LLM', 3850, 1305, 2545, 'march', 3, 6),
(1052, 'ST-04LLM', 11400, 5450, 5950, 'march', 3, 6),
(1053, 'SC-01FDV', 4880, 1367, 3513, 'march', 3, 6),
(1054, 'CH-01QPI', 16354, 4756, 11598, 'march', 3, 6),
(1055, 'PK-01DSN', 21089, 3820, 17269, 'march', 3, 6),
(1056, 'CF-01TJA', 7000, 1250, 5750, 'march', 3, 7),
(1057, 'ST-01LLM', 18403, 5612, 12791, 'march', 3, 7),
(1058, 'ST-04LLM', 15874, 11360, 4514, 'march', 3, 7),
(1059, 'SC-01FDV', 8651, 4472, 4179, 'march', 3, 7),
(1060, 'CH-01QPI', 18900, 10217, 8683, 'march', 3, 7),
(1061, 'PK-01DSN', 11000, 3820, 7180, 'march', 3, 7),
(1062, 'CF-01TJA', 12850, 3420, 9430, 'march', 4, 1),
(1063, 'ST-01LLM', 3450, 2600, 850, 'march', 4, 1),
(1064, 'ST-04LLM', 1601, 2013, -412, 'march', 4, 1),
(1065, 'SC-01FDV', 4785, 1355, 3430, 'march', 4, 1),
(1066, 'CH-01QPI', 18900, 1756, 17144, 'march', 4, 1),
(1067, 'PK-01DSN', 15470, 3820, 11650, 'march', 4, 1),
(1068, 'CF-01TJA', 12850, 3420, 9430, 'march', 4, 2),
(1069, 'ST-01LLM', 3450, 2600, 850, 'march', 4, 2),
(1070, 'ST-04LLM', 1601, 2013, -412, 'march', 4, 2),
(1071, 'SC-01FDV', 4785, 1355, 3430, 'march', 4, 2),
(1072, 'CH-01QPI', 18900, 1756, 17144, 'march', 4, 2),
(1073, 'PK-01DSN', 15470, 3820, 11650, 'march', 4, 2),
(1074, 'CF-01TJA', 16430, 6772, 9658, 'march', 4, 3),
(1075, 'ST-01LLM', 3850, 1305, 2545, 'march', 4, 3),
(1076, 'ST-04LLM', 11400, 5450, 5950, 'march', 4, 3),
(1077, 'SC-01FDV', 4880, 1367, 3513, 'march', 4, 3),
(1078, 'CH-01QPI', 16354, 4756, 11598, 'march', 4, 3),
(1079, 'PK-01DSN', 21089, 3820, 17269, 'march', 4, 3),
(1080, 'CF-01TJA', 7689, 1420, 6269, 'march', 4, 4),
(1081, 'ST-01LLM', 20015, 2600, 17415, 'march', 4, 4),
(1082, 'ST-04LLM', 5311, 4872, 439, 'march', 4, 4),
(1083, 'SC-01FDV', 4366, 1355, 3011, 'march', 4, 4),
(1084, 'CH-01QPI', 8710, 4756, 3954, 'march', 4, 4),
(1085, 'PK-01DSN', 11935, 3820, 8115, 'march', 4, 4),
(1086, 'CF-01TJA', 12850, 3420, 9430, 'march', 4, 5),
(1087, 'ST-01LLM', 3450, 2600, 850, 'march', 4, 5),
(1088, 'ST-04LLM', 1601, 2013, -412, 'march', 4, 5),
(1089, 'SC-01FDV', 4785, 1355, 3430, 'march', 4, 5),
(1090, 'CH-01QPI', 18900, 1756, 17144, 'march', 4, 5),
(1091, 'PK-01DSN', 15470, 3820, 11650, 'march', 4, 5),
(1092, 'CF-01TJA', 13486, 8450, 5036, 'march', 4, 6),
(1093, 'ST-01LLM', 19155, 8369, 10786, 'march', 4, 6),
(1094, 'ST-04LLM', 4300, 1238, 3062, 'march', 4, 6),
(1095, 'SC-01FDV', 8752, 2318, 6434, 'march', 4, 6),
(1096, 'CH-01QPI', 3575, 1310, 2265, 'march', 4, 6),
(1097, 'PK-01DSN', 8633, 3888, 4745, 'march', 4, 6),
(1098, 'CF-01TJA', 14066, 8455, 5611, 'march', 4, 7),
(1099, 'ST-01LLM', 11385, 2500, 8885, 'march', 4, 7),
(1100, 'ST-04LLM', 3211, 1650, 1561, 'march', 4, 7),
(1101, 'SC-01FDV', 4158, 6450, -2292, 'march', 4, 7),
(1102, 'CH-01QPI', 5301, 3000, 2301, 'march', 4, 7),
(1103, 'PK-01DSN', 2540, 1737, 803, 'march', 4, 7),
(1104, 'CF-01TJA', 14066, 8455, 5611, 'april', 1, 1),
(1105, 'ST-01LLM', 11385, 2500, 8885, 'april', 1, 1),
(1106, 'ST-04LLM', 3211, 1650, 1561, 'april', 1, 1),
(1107, 'SC-01FDV', 4158, 6450, -2292, 'april', 1, 1),
(1108, 'CH-01QPI', 5301, 3000, 2301, 'april', 1, 1),
(1109, 'PK-01DSN', 2540, 1737, 803, 'april', 1, 1),
(1110, 'CF-01TJA', 8477, 8450, 27, 'april', 1, 2),
(1111, 'ST-01LLM', 5651, 8369, -2718, 'april', 1, 2),
(1112, 'ST-04LLM', 10385, 1238, 9147, 'april', 1, 2),
(1113, 'SC-01FDV', 2756, 2318, 438, 'april', 1, 2),
(1114, 'CH-01QPI', 6795, 1310, 5485, 'april', 1, 2),
(1115, 'PK-01DSN', 15301, 3888, 11413, 'april', 1, 2),
(1116, 'CF-01TJA', 7000, 1250, 5750, 'april', 1, 3),
(1117, 'ST-01LLM', 18403, 5612, 12791, 'april', 1, 3),
(1118, 'ST-04LLM', 15874, 11360, 4514, 'april', 1, 3),
(1119, 'SC-01FDV', 8651, 4472, 4179, 'april', 1, 3),
(1120, 'CH-01QPI', 18900, 10217, 8683, 'april', 1, 3),
(1121, 'PK-01DSN', 11000, 3820, 7180, 'april', 1, 3),
(1122, 'CF-01TJA', 12850, 3420, 9430, 'april', 1, 4),
(1123, 'ST-01LLM', 3450, 2600, 850, 'april', 1, 4),
(1124, 'ST-04LLM', 1601, 2013, -412, 'april', 1, 4),
(1125, 'SC-01FDV', 4785, 1355, 3430, 'april', 1, 4),
(1126, 'CH-01QPI', 18900, 1756, 17144, 'april', 1, 4),
(1127, 'PK-01DSN', 15470, 3820, 11650, 'april', 1, 4),
(1128, 'CF-01TJA', 44377, 13420, 30957, 'april', 1, 5),
(1129, 'ST-01LLM', 52357, 12600, 39757, 'april', 1, 5),
(1130, 'ST-04LLM', 50611, 5450, 45161, 'april', 1, 5),
(1131, 'SC-01FDV', 39634, 10355, 29279, 'april', 1, 5),
(1132, 'CH-01QPI', 18900, 4756, 14144, 'april', 1, 5),
(1133, 'PK-01DSN', 15470, 3820, 11650, 'april', 1, 5),
(1134, 'CF-01TJA', 8477, 8450, 27, 'april', 1, 6),
(1135, 'ST-01LLM', 5651, 8369, -2718, 'april', 1, 6),
(1136, 'ST-04LLM', 10385, 1238, 9147, 'april', 1, 6),
(1137, 'SC-01FDV', 2756, 2318, 438, 'april', 1, 6),
(1138, 'CH-01QPI', 6795, 1310, 5485, 'april', 1, 6),
(1139, 'PK-01DSN', 15301, 3888, 11413, 'april', 1, 6),
(1140, 'CF-01TJA', 7000, 1250, 5750, 'april', 1, 7),
(1141, 'ST-01LLM', 18403, 5612, 12791, 'april', 1, 7),
(1142, 'ST-04LLM', 15874, 11360, 4514, 'april', 1, 7),
(1143, 'SC-01FDV', 8651, 4472, 4179, 'april', 1, 7),
(1144, 'CH-01QPI', 18900, 10217, 8683, 'april', 1, 7),
(1145, 'PK-01DSN', 11000, 3820, 7180, 'april', 1, 7),
(1146, 'CF-01TJA', 16430, 6772, 9658, 'april', 2, 1),
(1147, 'ST-01LLM', 3850, 1305, 2545, 'april', 2, 1),
(1148, 'ST-04LLM', 11400, 5450, 5950, 'april', 2, 1),
(1149, 'SC-01FDV', 4880, 1367, 3513, 'april', 2, 1),
(1150, 'CH-01QPI', 16354, 4756, 11598, 'april', 2, 1),
(1151, 'PK-01DSN', 21089, 3820, 17269, 'april', 2, 1),
(1152, 'CF-01TJA', 13486, 8450, 5036, 'april', 2, 2),
(1153, 'ST-01LLM', 19155, 8369, 10786, 'april', 2, 2),
(1154, 'ST-04LLM', 4300, 1238, 3062, 'april', 2, 2),
(1155, 'SC-01FDV', 8752, 2318, 6434, 'april', 2, 2),
(1156, 'CH-01QPI', 3575, 1310, 2265, 'april', 2, 2),
(1157, 'PK-01DSN', 8633, 3888, 4745, 'april', 2, 2),
(1158, 'CF-01TJA', 12335, 8455, 3880, 'april', 2, 3),
(1159, 'ST-01LLM', 7863, 2500, 5363, 'april', 2, 3),
(1160, 'ST-04LLM', 3211, 1650, 1561, 'april', 2, 3),
(1161, 'SC-01FDV', 15325, 6450, 8875, 'april', 2, 3),
(1162, 'CH-01QPI', 8660, 3000, 5660, 'april', 2, 3),
(1163, 'PK-01DSN', 9540, 1737, 7803, 'april', 2, 3),
(1164, 'CF-01TJA', 14066, 8455, 5611, 'april', 2, 4),
(1165, 'ST-01LLM', 11385, 2500, 8885, 'april', 2, 4),
(1166, 'ST-04LLM', 3211, 1650, 1561, 'april', 2, 4),
(1167, 'SC-01FDV', 4158, 6450, -2292, 'april', 2, 4),
(1168, 'CH-01QPI', 5301, 3000, 2301, 'april', 2, 4),
(1169, 'PK-01DSN', 2540, 1737, 803, 'april', 2, 4),
(1170, 'CF-01TJA', 12850, 3420, 9430, 'april', 2, 5),
(1171, 'ST-01LLM', 3450, 2600, 850, 'april', 2, 5),
(1172, 'ST-04LLM', 1601, 2013, -412, 'april', 2, 5),
(1173, 'SC-01FDV', 4785, 1355, 3430, 'april', 2, 5),
(1174, 'CH-01QPI', 18900, 1756, 17144, 'april', 2, 5),
(1175, 'PK-01DSN', 15470, 3820, 11650, 'april', 2, 5),
(1176, 'CF-01TJA', 7000, 1250, 5750, 'april', 2, 6),
(1177, 'ST-01LLM', 18403, 5612, 12791, 'april', 2, 6),
(1178, 'ST-04LLM', 15874, 11360, 4514, 'april', 2, 6),
(1179, 'SC-01FDV', 8651, 4472, 4179, 'april', 2, 6),
(1180, 'CH-01QPI', 18900, 10217, 8683, 'april', 2, 6),
(1181, 'PK-01DSN', 11000, 3820, 7180, 'april', 2, 6),
(1182, 'CF-01TJA', 12335, 8455, 3880, 'april', 2, 7),
(1183, 'ST-01LLM', 7863, 2500, 5363, 'april', 2, 7),
(1184, 'ST-04LLM', 3211, 1650, 1561, 'april', 2, 7),
(1185, 'SC-01FDV', 15325, 6450, 8875, 'april', 2, 7),
(1186, 'CH-01QPI', 8660, 3000, 5660, 'april', 2, 7),
(1187, 'PK-01DSN', 9540, 1737, 7803, 'april', 2, 7),
(1188, 'CF-01TJA', 7689, 1420, 6269, 'april', 3, 1),
(1189, 'ST-01LLM', 20015, 2600, 17415, 'april', 3, 1),
(1190, 'ST-04LLM', 5311, 4872, 439, 'april', 3, 1),
(1191, 'SC-01FDV', 4366, 1355, 3011, 'april', 3, 1),
(1192, 'CH-01QPI', 8710, 4756, 3954, 'april', 3, 1),
(1193, 'PK-01DSN', 11935, 3820, 8115, 'april', 3, 1),
(1194, 'CF-01TJA', 16430, 6772, 9658, 'april', 3, 2),
(1195, 'ST-01LLM', 3850, 1305, 2545, 'april', 3, 2),
(1196, 'ST-04LLM', 11400, 5450, 5950, 'april', 3, 2),
(1197, 'SC-01FDV', 4880, 1367, 3513, 'april', 3, 2),
(1198, 'CH-01QPI', 16354, 4756, 11598, 'april', 3, 2),
(1199, 'PK-01DSN', 21089, 3820, 17269, 'april', 3, 2),
(1200, 'CF-01TJA', 8477, 8450, 27, 'april', 3, 3),
(1201, 'ST-01LLM', 5651, 8369, -2718, 'april', 3, 3),
(1202, 'ST-04LLM', 10385, 1238, 9147, 'april', 3, 3),
(1203, 'SC-01FDV', 2756, 2318, 438, 'april', 3, 3),
(1204, 'CH-01QPI', 6795, 1310, 5485, 'april', 3, 3),
(1205, 'PK-01DSN', 15301, 3888, 11413, 'april', 3, 3),
(1206, 'CF-01TJA', 13486, 8450, 5036, 'april', 3, 4),
(1207, 'ST-01LLM', 19155, 8369, 10786, 'april', 3, 4),
(1208, 'ST-04LLM', 4300, 1238, 3062, 'april', 3, 4),
(1209, 'SC-01FDV', 8752, 2318, 6434, 'april', 3, 4),
(1210, 'CH-01QPI', 3575, 1310, 2265, 'april', 3, 4),
(1211, 'PK-01DSN', 8633, 3888, 4745, 'april', 3, 4),
(1212, 'CF-01TJA', 8477, 8450, 27, 'april', 3, 5),
(1213, 'ST-01LLM', 5651, 8369, -2718, 'april', 3, 5),
(1214, 'ST-04LLM', 10385, 1238, 9147, 'april', 3, 5),
(1215, 'SC-01FDV', 2756, 2318, 438, 'april', 3, 5),
(1216, 'CH-01QPI', 6795, 1310, 5485, 'april', 3, 5),
(1217, 'PK-01DSN', 15301, 3888, 11413, 'april', 3, 5),
(1218, 'CF-01TJA', 16430, 6772, 9658, 'april', 3, 6),
(1219, 'ST-01LLM', 3850, 1305, 2545, 'april', 3, 6),
(1220, 'ST-04LLM', 11400, 5450, 5950, 'april', 3, 6),
(1221, 'SC-01FDV', 4880, 1367, 3513, 'april', 3, 6),
(1222, 'CH-01QPI', 16354, 4756, 11598, 'april', 3, 6),
(1223, 'PK-01DSN', 21089, 3820, 17269, 'april', 3, 6),
(1224, 'CF-01TJA', 7000, 1250, 5750, 'april', 3, 7),
(1225, 'ST-01LLM', 18403, 5612, 12791, 'april', 3, 7),
(1226, 'ST-04LLM', 15874, 11360, 4514, 'april', 3, 7),
(1227, 'SC-01FDV', 8651, 4472, 4179, 'april', 3, 7),
(1228, 'CH-01QPI', 18900, 10217, 8683, 'april', 3, 7),
(1229, 'PK-01DSN', 11000, 3820, 7180, 'april', 3, 7),
(1230, 'CF-01TJA', 12850, 3420, 9430, 'april', 4, 1),
(1231, 'ST-01LLM', 3450, 2600, 850, 'april', 4, 1),
(1232, 'ST-04LLM', 1601, 2013, -412, 'april', 4, 1),
(1233, 'SC-01FDV', 4785, 1355, 3430, 'april', 4, 1),
(1234, 'CH-01QPI', 18900, 1756, 17144, 'april', 4, 1),
(1235, 'PK-01DSN', 15470, 3820, 11650, 'april', 4, 1),
(1236, 'CF-01TJA', 12850, 3420, 9430, 'april', 4, 2),
(1237, 'ST-01LLM', 3450, 2600, 850, 'april', 4, 2),
(1238, 'ST-04LLM', 1601, 2013, -412, 'april', 4, 2),
(1239, 'SC-01FDV', 4785, 1355, 3430, 'april', 4, 2),
(1240, 'CH-01QPI', 18900, 1756, 17144, 'april', 4, 2),
(1241, 'PK-01DSN', 15470, 3820, 11650, 'april', 4, 2),
(1242, 'CF-01TJA', 16430, 6772, 9658, 'april', 4, 3),
(1243, 'ST-01LLM', 3850, 1305, 2545, 'april', 4, 3),
(1244, 'ST-04LLM', 11400, 5450, 5950, 'april', 4, 3),
(1245, 'SC-01FDV', 4880, 1367, 3513, 'april', 4, 3),
(1246, 'CH-01QPI', 16354, 4756, 11598, 'april', 4, 3),
(1247, 'PK-01DSN', 21089, 3820, 17269, 'april', 4, 3),
(1248, 'CF-01TJA', 7689, 1420, 6269, 'april', 4, 4),
(1249, 'ST-01LLM', 20015, 2600, 17415, 'april', 4, 4),
(1250, 'ST-04LLM', 5311, 4872, 439, 'april', 4, 4),
(1251, 'SC-01FDV', 4366, 1355, 3011, 'april', 4, 4),
(1252, 'CH-01QPI', 8710, 4756, 3954, 'april', 4, 4),
(1253, 'PK-01DSN', 11935, 3820, 8115, 'april', 4, 4),
(1254, 'CF-01TJA', 12850, 3420, 9430, 'april', 4, 5),
(1255, 'ST-01LLM', 3450, 2600, 850, 'april', 4, 5),
(1256, 'ST-04LLM', 1601, 2013, -412, 'april', 4, 5),
(1257, 'SC-01FDV', 4785, 1355, 3430, 'april', 4, 5),
(1258, 'CH-01QPI', 18900, 1756, 17144, 'april', 4, 5),
(1259, 'PK-01DSN', 15470, 3820, 11650, 'april', 4, 5),
(1260, 'CF-01TJA', 13486, 8450, 5036, 'april', 4, 6),
(1261, 'ST-01LLM', 19155, 8369, 10786, 'april', 4, 6),
(1262, 'ST-04LLM', 4300, 1238, 3062, 'april', 4, 6),
(1263, 'SC-01FDV', 8752, 2318, 6434, 'april', 4, 6),
(1264, 'CH-01QPI', 3575, 1310, 2265, 'april', 4, 6),
(1265, 'PK-01DSN', 8633, 3888, 4745, 'april', 4, 6),
(1266, 'CF-01TJA', 14066, 8455, 5611, 'april', 4, 7),
(1267, 'ST-01LLM', 11385, 2500, 8885, 'april', 4, 7),
(1268, 'ST-04LLM', 3211, 1650, 1561, 'april', 4, 7),
(1269, 'SC-01FDV', 4158, 6450, -2292, 'april', 4, 7),
(1270, 'CH-01QPI', 5301, 3000, 2301, 'april', 4, 7),
(1271, 'PK-01DSN', 2540, 1737, 803, 'april', 4, 7),
(1272, 'CF-01TJA', 12335, 8455, 3880, 'may', 1, 1),
(1273, 'ST-01LLM', 7863, 2500, 5363, 'may', 1, 1),
(1274, 'ST-04LLM', 3211, 1650, 1561, 'may', 1, 1),
(1275, 'SC-01FDV', 15325, 6450, 8875, 'may', 1, 1),
(1276, 'CH-01QPI', 8660, 3000, 5660, 'may', 1, 1),
(1277, 'PK-01DSN', 9540, 1737, 7803, 'may', 1, 1),
(1278, 'CF-01TJA', 16430, 6772, 9658, 'may', 1, 2),
(1279, 'ST-01LLM', 3850, 1305, 2545, 'may', 1, 2),
(1280, 'ST-04LLM', 11400, 5450, 5950, 'may', 1, 2),
(1281, 'SC-01FDV', 4880, 1367, 3513, 'may', 1, 2),
(1282, 'CH-01QPI', 16354, 4756, 11598, 'may', 1, 2),
(1283, 'PK-01DSN', 21089, 3820, 17269, 'may', 1, 2),
(1284, 'CF-01TJA', 7000, 1250, 5750, 'may', 1, 3),
(1285, 'ST-01LLM', 18403, 5612, 12791, 'may', 1, 3),
(1286, 'ST-04LLM', 15874, 11360, 4514, 'may', 1, 3),
(1287, 'SC-01FDV', 8651, 4472, 4179, 'may', 1, 3),
(1288, 'CH-01QPI', 18900, 10217, 8683, 'may', 1, 3),
(1289, 'PK-01DSN', 11000, 3820, 7180, 'may', 1, 3),
(1290, 'CF-01TJA', 12850, 3420, 9430, 'may', 1, 4),
(1291, 'ST-01LLM', 3450, 2600, 850, 'may', 1, 4),
(1292, 'ST-04LLM', 1601, 2013, -412, 'may', 1, 4),
(1293, 'SC-01FDV', 4785, 1355, 3430, 'may', 1, 4),
(1294, 'CH-01QPI', 18900, 1756, 17144, 'may', 1, 4),
(1295, 'PK-01DSN', 15470, 3820, 11650, 'may', 1, 4),
(1296, 'CF-01TJA', 44377, 13420, 30957, 'may', 1, 5),
(1297, 'ST-01LLM', 52357, 12600, 39757, 'may', 1, 5),
(1298, 'ST-04LLM', 50611, 5450, 45161, 'may', 1, 5),
(1299, 'SC-01FDV', 39634, 10355, 29279, 'may', 1, 5),
(1300, 'CH-01QPI', 18900, 4756, 14144, 'may', 1, 5),
(1301, 'PK-01DSN', 15470, 3820, 11650, 'may', 1, 5),
(1302, 'CF-01TJA', 12335, 8455, 3880, 'may', 1, 6),
(1303, 'ST-01LLM', 7863, 2500, 5363, 'may', 1, 6),
(1304, 'ST-04LLM', 3211, 1650, 1561, 'may', 1, 6),
(1305, 'SC-01FDV', 15325, 6450, 8875, 'may', 1, 6),
(1306, 'CH-01QPI', 8660, 3000, 5660, 'may', 1, 6),
(1307, 'PK-01DSN', 9540, 1737, 7803, 'may', 1, 6),
(1308, 'CF-01TJA', 7000, 1250, 5750, 'may', 1, 7),
(1309, 'ST-01LLM', 18403, 5612, 12791, 'may', 1, 7),
(1310, 'ST-04LLM', 15874, 11360, 4514, 'may', 1, 7),
(1311, 'SC-01FDV', 8651, 4472, 4179, 'may', 1, 7),
(1312, 'CH-01QPI', 18900, 10217, 8683, 'may', 1, 7),
(1313, 'PK-01DSN', 11000, 3820, 7180, 'may', 1, 7),
(1314, 'CF-01TJA', 16430, 6772, 9658, 'may', 2, 1),
(1315, 'ST-01LLM', 3850, 1305, 2545, 'may', 2, 1),
(1316, 'ST-04LLM', 11400, 5450, 5950, 'may', 2, 1),
(1317, 'SC-01FDV', 4880, 1367, 3513, 'may', 2, 1),
(1318, 'CH-01QPI', 16354, 4756, 11598, 'may', 2, 1),
(1319, 'PK-01DSN', 21089, 3820, 17269, 'may', 2, 1),
(1320, 'CF-01TJA', 13486, 8450, 5036, 'may', 2, 2),
(1321, 'ST-01LLM', 19155, 8369, 10786, 'may', 2, 2),
(1322, 'ST-04LLM', 4300, 1238, 3062, 'may', 2, 2),
(1323, 'SC-01FDV', 8752, 2318, 6434, 'may', 2, 2),
(1324, 'CH-01QPI', 3575, 1310, 2265, 'may', 2, 2),
(1325, 'PK-01DSN', 8633, 3888, 4745, 'may', 2, 2),
(1326, 'CF-01TJA', 12335, 8455, 3880, 'may', 2, 3),
(1327, 'ST-01LLM', 7863, 2500, 5363, 'may', 2, 3),
(1328, 'ST-04LLM', 3211, 1650, 1561, 'may', 2, 3),
(1329, 'SC-01FDV', 15325, 6450, 8875, 'may', 2, 3),
(1330, 'CH-01QPI', 8660, 3000, 5660, 'may', 2, 3),
(1331, 'PK-01DSN', 9540, 1737, 7803, 'may', 2, 3),
(1332, 'CF-01TJA', 44377, 13420, 30957, 'may', 2, 4),
(1333, 'ST-01LLM', 52357, 12600, 39757, 'may', 2, 4),
(1334, 'ST-04LLM', 50611, 5450, 45161, 'may', 2, 4),
(1335, 'SC-01FDV', 39634, 10355, 29279, 'may', 2, 4),
(1336, 'CH-01QPI', 18900, 4756, 14144, 'may', 2, 4),
(1337, 'PK-01DSN', 15470, 3820, 11650, 'may', 2, 4),
(1338, 'CF-01TJA', 12850, 3420, 9430, 'may', 2, 5),
(1339, 'ST-01LLM', 3450, 2600, 850, 'may', 2, 5),
(1340, 'ST-04LLM', 1601, 2013, -412, 'may', 2, 5),
(1341, 'SC-01FDV', 4785, 1355, 3430, 'may', 2, 5),
(1342, 'CH-01QPI', 18900, 1756, 17144, 'may', 2, 5),
(1343, 'PK-01DSN', 15470, 3820, 11650, 'may', 2, 5),
(1344, 'CF-01TJA', 7000, 1250, 5750, 'may', 2, 6),
(1345, 'ST-01LLM', 18403, 5612, 12791, 'may', 2, 6),
(1346, 'ST-04LLM', 15874, 11360, 4514, 'may', 2, 6),
(1347, 'SC-01FDV', 8651, 4472, 4179, 'may', 2, 6),
(1348, 'CH-01QPI', 18900, 10217, 8683, 'may', 2, 6),
(1349, 'PK-01DSN', 11000, 3820, 7180, 'may', 2, 6),
(1350, 'CF-01TJA', 12335, 8455, 3880, 'may', 2, 7),
(1351, 'ST-01LLM', 7863, 2500, 5363, 'may', 2, 7),
(1352, 'ST-04LLM', 3211, 1650, 1561, 'may', 2, 7),
(1353, 'SC-01FDV', 15325, 6450, 8875, 'may', 2, 7),
(1354, 'CH-01QPI', 8660, 3000, 5660, 'may', 2, 7),
(1355, 'PK-01DSN', 9540, 1737, 7803, 'may', 2, 7),
(1356, 'CF-01TJA', 7689, 1420, 6269, 'may', 3, 1),
(1357, 'ST-01LLM', 20015, 2600, 17415, 'may', 3, 1),
(1358, 'ST-04LLM', 5311, 4872, 439, 'may', 3, 1),
(1359, 'SC-01FDV', 4366, 1355, 3011, 'may', 3, 1),
(1360, 'CH-01QPI', 8710, 4756, 3954, 'may', 3, 1),
(1361, 'PK-01DSN', 11935, 3820, 8115, 'may', 3, 1),
(1362, 'CF-01TJA', 16430, 6772, 9658, 'may', 3, 2),
(1363, 'ST-01LLM', 3850, 1305, 2545, 'may', 3, 2),
(1364, 'ST-04LLM', 11400, 5450, 5950, 'may', 3, 2),
(1365, 'SC-01FDV', 4880, 1367, 3513, 'may', 3, 2),
(1366, 'CH-01QPI', 16354, 4756, 11598, 'may', 3, 2),
(1367, 'PK-01DSN', 21089, 3820, 17269, 'may', 3, 2),
(1368, 'CF-01TJA', 7000, 1250, 5750, 'may', 3, 3),
(1369, 'ST-01LLM', 18403, 5612, 12791, 'may', 3, 3),
(1370, 'ST-04LLM', 15874, 11360, 4514, 'may', 3, 3),
(1371, 'SC-01FDV', 8651, 4472, 4179, 'may', 3, 3),
(1372, 'CH-01QPI', 18900, 10217, 8683, 'may', 3, 3),
(1373, 'PK-01DSN', 11000, 3820, 7180, 'may', 3, 3),
(1374, 'CF-01TJA', 13486, 8450, 5036, 'may', 3, 4),
(1375, 'ST-01LLM', 19155, 8369, 10786, 'may', 3, 4),
(1376, 'ST-04LLM', 4300, 1238, 3062, 'may', 3, 4),
(1377, 'SC-01FDV', 8752, 2318, 6434, 'may', 3, 4),
(1378, 'CH-01QPI', 3575, 1310, 2265, 'may', 3, 4),
(1379, 'PK-01DSN', 8633, 3888, 4745, 'may', 3, 4),
(1380, 'CF-01TJA', 12335, 8455, 3880, 'may', 3, 5),
(1381, 'ST-01LLM', 7863, 2500, 5363, 'may', 3, 5),
(1382, 'ST-04LLM', 3211, 1650, 1561, 'may', 3, 5),
(1383, 'SC-01FDV', 15325, 6450, 8875, 'may', 3, 5),
(1384, 'CH-01QPI', 8660, 3000, 5660, 'may', 3, 5),
(1385, 'PK-01DSN', 9540, 1737, 7803, 'may', 3, 5),
(1386, 'CF-01TJA', 16430, 6772, 9658, 'may', 3, 6),
(1387, 'ST-01LLM', 3850, 1305, 2545, 'may', 3, 6),
(1388, 'ST-04LLM', 11400, 5450, 5950, 'may', 3, 6),
(1389, 'SC-01FDV', 4880, 1367, 3513, 'may', 3, 6),
(1390, 'CH-01QPI', 16354, 4756, 11598, 'may', 3, 6),
(1391, 'PK-01DSN', 21089, 3820, 17269, 'may', 3, 6),
(1392, 'CF-01TJA', 7000, 1250, 5750, 'may', 3, 7),
(1393, 'ST-01LLM', 18403, 5612, 12791, 'may', 3, 7),
(1394, 'ST-04LLM', 15874, 11360, 4514, 'may', 3, 7),
(1395, 'SC-01FDV', 8651, 4472, 4179, 'may', 3, 7),
(1396, 'CH-01QPI', 18900, 10217, 8683, 'may', 3, 7),
(1397, 'PK-01DSN', 11000, 3820, 7180, 'may', 3, 7),
(1398, 'CF-01TJA', 12850, 3420, 9430, 'may', 4, 1),
(1399, 'ST-01LLM', 3450, 2600, 850, 'may', 4, 1),
(1400, 'ST-04LLM', 1601, 2013, -412, 'may', 4, 1),
(1401, 'SC-01FDV', 4785, 1355, 3430, 'may', 4, 1),
(1402, 'CH-01QPI', 18900, 1756, 17144, 'may', 4, 1),
(1403, 'PK-01DSN', 15470, 3820, 11650, 'may', 4, 1),
(1404, 'CF-01TJA', 12850, 3420, 9430, 'may', 4, 2),
(1405, 'ST-01LLM', 3450, 2600, 850, 'may', 4, 2),
(1406, 'ST-04LLM', 1601, 2013, -412, 'may', 4, 2),
(1407, 'SC-01FDV', 4785, 1355, 3430, 'may', 4, 2),
(1408, 'CH-01QPI', 18900, 1756, 17144, 'may', 4, 2),
(1409, 'PK-01DSN', 15470, 3820, 11650, 'may', 4, 2),
(1410, 'CF-01TJA', 16430, 6772, 9658, 'may', 4, 3),
(1411, 'ST-01LLM', 3850, 1305, 2545, 'may', 4, 3),
(1412, 'ST-04LLM', 11400, 5450, 5950, 'may', 4, 3),
(1413, 'SC-01FDV', 4880, 1367, 3513, 'may', 4, 3),
(1414, 'CH-01QPI', 16354, 4756, 11598, 'may', 4, 3),
(1415, 'PK-01DSN', 21089, 3820, 17269, 'may', 4, 3),
(1416, 'CF-01TJA', 7689, 1420, 6269, 'may', 4, 4),
(1417, 'ST-01LLM', 20015, 2600, 17415, 'may', 4, 4),
(1418, 'ST-04LLM', 5311, 4872, 439, 'may', 4, 4),
(1419, 'SC-01FDV', 4366, 1355, 3011, 'may', 4, 4),
(1420, 'CH-01QPI', 8710, 4756, 3954, 'may', 4, 4),
(1421, 'PK-01DSN', 11935, 3820, 8115, 'may', 4, 4),
(1422, 'CF-01TJA', 12850, 3420, 9430, 'may', 4, 5),
(1423, 'ST-01LLM', 3450, 2600, 850, 'may', 4, 5),
(1424, 'ST-04LLM', 1601, 2013, -412, 'may', 4, 5),
(1425, 'SC-01FDV', 4785, 1355, 3430, 'may', 4, 5),
(1426, 'CH-01QPI', 18900, 1756, 17144, 'may', 4, 5),
(1427, 'PK-01DSN', 15470, 3820, 11650, 'may', 4, 5),
(1428, 'CF-01TJA', 13486, 8450, 5036, 'may', 4, 6),
(1429, 'ST-01LLM', 19155, 8369, 10786, 'may', 4, 6),
(1430, 'ST-04LLM', 4300, 1238, 3062, 'may', 4, 6),
(1431, 'SC-01FDV', 8752, 2318, 6434, 'may', 4, 6),
(1432, 'CH-01QPI', 3575, 1310, 2265, 'may', 4, 6),
(1433, 'PK-01DSN', 8633, 3888, 4745, 'may', 4, 6),
(1434, 'CF-01TJA', 12335, 8455, 3880, 'may', 4, 7),
(1435, 'ST-01LLM', 7863, 2500, 5363, 'may', 4, 7),
(1436, 'ST-04LLM', 3211, 1650, 1561, 'may', 4, 7),
(1437, 'SC-01FDV', 15325, 6450, 8875, 'may', 4, 7),
(1438, 'CH-01QPI', 8660, 3000, 5660, 'may', 4, 7),
(1439, 'PK-01DSN', 9540, 1737, 7803, 'may', 4, 7),
(1440, 'CF-01TJA', 13486, 6772, 6714, 'june', 1, 1),
(1441, 'ST-01LLM', 19155, 1305, 17850, 'june', 1, 1),
(1442, 'ST-04LLM', 4300, 5450, -1150, 'june', 1, 1),
(1443, 'SC-01FDV', 8752, 1367, 7385, 'june', 1, 1),
(1444, 'CH-01QPI', 3575, 4756, -1181, 'june', 1, 1),
(1445, 'PK-01DSN', 8633, 3820, 4813, 'june', 1, 1),
(1446, 'CF-01TJA', 16430, 6772, 9658, 'june', 1, 2),
(1447, 'ST-01LLM', 3850, 1305, 2545, 'june', 1, 2),
(1448, 'ST-04LLM', 11400, 5450, 5950, 'june', 1, 2),
(1449, 'SC-01FDV', 4880, 1367, 3513, 'june', 1, 2),
(1450, 'CH-01QPI', 16354, 4756, 11598, 'june', 1, 2),
(1451, 'PK-01DSN', 21089, 3820, 17269, 'june', 1, 2),
(1452, 'CF-01TJA', 7000, 1250, 5750, 'june', 1, 3),
(1453, 'ST-01LLM', 18403, 5612, 12791, 'june', 1, 3),
(1454, 'ST-04LLM', 15874, 11360, 4514, 'june', 1, 3),
(1455, 'SC-01FDV', 8651, 4472, 4179, 'june', 1, 3),
(1456, 'CH-01QPI', 18900, 10217, 8683, 'june', 1, 3),
(1457, 'PK-01DSN', 11000, 3820, 7180, 'june', 1, 3),
(1458, 'CF-01TJA', 12850, 3420, 9430, 'june', 1, 4),
(1459, 'ST-01LLM', 3450, 2600, 850, 'june', 1, 4),
(1460, 'ST-04LLM', 1601, 2013, -412, 'june', 1, 4),
(1461, 'SC-01FDV', 4785, 1355, 3430, 'june', 1, 4),
(1462, 'CH-01QPI', 18900, 1756, 17144, 'june', 1, 4),
(1463, 'PK-01DSN', 15470, 3820, 11650, 'june', 1, 4),
(1464, 'CF-01TJA', 44377, 13420, 30957, 'june', 1, 5),
(1465, 'ST-01LLM', 52357, 12600, 39757, 'june', 1, 5),
(1466, 'ST-04LLM', 50611, 5450, 45161, 'june', 1, 5),
(1467, 'SC-01FDV', 39634, 10355, 29279, 'june', 1, 5),
(1468, 'CH-01QPI', 18900, 4756, 14144, 'june', 1, 5),
(1469, 'PK-01DSN', 15470, 3820, 11650, 'june', 1, 5),
(1470, 'CF-01TJA', 12335, 8455, 3880, 'june', 1, 6),
(1471, 'ST-01LLM', 7863, 2500, 5363, 'june', 1, 6),
(1472, 'ST-04LLM', 3211, 1650, 1561, 'june', 1, 6),
(1473, 'SC-01FDV', 15325, 6450, 8875, 'june', 1, 6),
(1474, 'CH-01QPI', 8660, 3000, 5660, 'june', 1, 6),
(1475, 'PK-01DSN', 9540, 1737, 7803, 'june', 1, 6),
(1476, 'CF-01TJA', 7000, 1250, 5750, 'june', 1, 7),
(1477, 'ST-01LLM', 18403, 5612, 12791, 'june', 1, 7),
(1478, 'ST-04LLM', 15874, 11360, 4514, 'june', 1, 7),
(1479, 'SC-01FDV', 8651, 4472, 4179, 'june', 1, 7),
(1480, 'CH-01QPI', 18900, 10217, 8683, 'june', 1, 7),
(1481, 'PK-01DSN', 11000, 3820, 7180, 'june', 1, 7),
(1482, 'CF-01TJA', 16430, 6772, 9658, 'june', 2, 1),
(1483, 'ST-01LLM', 3850, 1305, 2545, 'june', 2, 1),
(1484, 'ST-04LLM', 11400, 5450, 5950, 'june', 2, 1),
(1485, 'SC-01FDV', 4880, 1367, 3513, 'june', 2, 1),
(1486, 'CH-01QPI', 16354, 4756, 11598, 'june', 2, 1),
(1487, 'PK-01DSN', 21089, 3820, 17269, 'june', 2, 1),
(1488, 'CF-01TJA', 13486, 8450, 5036, 'june', 2, 2),
(1489, 'ST-01LLM', 19155, 8369, 10786, 'june', 2, 2),
(1490, 'ST-04LLM', 4300, 1238, 3062, 'june', 2, 2),
(1491, 'SC-01FDV', 8752, 2318, 6434, 'june', 2, 2),
(1492, 'CH-01QPI', 3575, 1310, 2265, 'june', 2, 2),
(1493, 'PK-01DSN', 8633, 3888, 4745, 'june', 2, 2),
(1494, 'CF-01TJA', 12335, 8455, 3880, 'june', 2, 3),
(1495, 'ST-01LLM', 7863, 2500, 5363, 'june', 2, 3),
(1496, 'ST-04LLM', 3211, 1650, 1561, 'june', 2, 3),
(1497, 'SC-01FDV', 15325, 6450, 8875, 'june', 2, 3),
(1498, 'CH-01QPI', 8660, 3000, 5660, 'june', 2, 3),
(1499, 'PK-01DSN', 9540, 1737, 7803, 'june', 2, 3),
(1500, 'CF-01TJA', 44377, 13420, 30957, 'june', 2, 4),
(1501, 'ST-01LLM', 52357, 12600, 39757, 'june', 2, 4),
(1502, 'ST-04LLM', 50611, 5450, 45161, 'june', 2, 4),
(1503, 'SC-01FDV', 39634, 10355, 29279, 'june', 2, 4),
(1504, 'CH-01QPI', 18900, 4756, 14144, 'june', 2, 4),
(1505, 'PK-01DSN', 15470, 3820, 11650, 'june', 2, 4),
(1506, 'CF-01TJA', 12850, 3420, 9430, 'june', 2, 5),
(1507, 'ST-01LLM', 3450, 2600, 850, 'june', 2, 5),
(1508, 'ST-04LLM', 1601, 2013, -412, 'june', 2, 5),
(1509, 'SC-01FDV', 4785, 1355, 3430, 'june', 2, 5),
(1510, 'CH-01QPI', 18900, 1756, 17144, 'june', 2, 5),
(1511, 'PK-01DSN', 15470, 3820, 11650, 'june', 2, 5),
(1512, 'CF-01TJA', 7000, 1250, 5750, 'june', 2, 6),
(1513, 'ST-01LLM', 18403, 5612, 12791, 'june', 2, 6),
(1514, 'ST-04LLM', 15874, 11360, 4514, 'june', 2, 6),
(1515, 'SC-01FDV', 8651, 4472, 4179, 'june', 2, 6),
(1516, 'CH-01QPI', 18900, 10217, 8683, 'june', 2, 6),
(1517, 'PK-01DSN', 11000, 3820, 7180, 'june', 2, 6),
(1518, 'CF-01TJA', 12335, 8455, 3880, 'june', 2, 7),
(1519, 'ST-01LLM', 7863, 2500, 5363, 'june', 2, 7),
(1520, 'ST-04LLM', 3211, 1650, 1561, 'june', 2, 7),
(1521, 'SC-01FDV', 15325, 6450, 8875, 'june', 2, 7),
(1522, 'CH-01QPI', 8660, 3000, 5660, 'june', 2, 7),
(1523, 'PK-01DSN', 9540, 1737, 7803, 'june', 2, 7),
(1524, 'CF-01TJA', 13486, 6772, 6714, 'june', 3, 1),
(1525, 'ST-01LLM', 19155, 1305, 17850, 'june', 3, 1),
(1526, 'ST-04LLM', 4300, 5450, -1150, 'june', 3, 1),
(1527, 'SC-01FDV', 8752, 1367, 7385, 'june', 3, 1),
(1528, 'CH-01QPI', 3575, 4756, -1181, 'june', 3, 1),
(1529, 'PK-01DSN', 8633, 3820, 4813, 'june', 3, 1),
(1530, 'CF-01TJA', 16430, 6772, 9658, 'june', 3, 2),
(1531, 'ST-01LLM', 3850, 1305, 2545, 'june', 3, 2),
(1532, 'ST-04LLM', 11400, 5450, 5950, 'june', 3, 2),
(1533, 'SC-01FDV', 4880, 1367, 3513, 'june', 3, 2),
(1534, 'CH-01QPI', 16354, 4756, 11598, 'june', 3, 2),
(1535, 'PK-01DSN', 21089, 3820, 17269, 'june', 3, 2),
(1536, 'CF-01TJA', 7000, 1250, 5750, 'june', 3, 3),
(1537, 'ST-01LLM', 18403, 5612, 12791, 'june', 3, 3),
(1538, 'ST-04LLM', 15874, 11360, 4514, 'june', 3, 3),
(1539, 'SC-01FDV', 8651, 4472, 4179, 'june', 3, 3),
(1540, 'CH-01QPI', 18900, 10217, 8683, 'june', 3, 3),
(1541, 'PK-01DSN', 11000, 3820, 7180, 'june', 3, 3),
(1542, 'CF-01TJA', 13486, 8450, 5036, 'june', 3, 4),
(1543, 'ST-01LLM', 19155, 8369, 10786, 'june', 3, 4),
(1544, 'ST-04LLM', 4300, 1238, 3062, 'june', 3, 4),
(1545, 'SC-01FDV', 8752, 2318, 6434, 'june', 3, 4),
(1546, 'CH-01QPI', 3575, 1310, 2265, 'june', 3, 4),
(1547, 'PK-01DSN', 8633, 3888, 4745, 'june', 3, 4),
(1548, 'CF-01TJA', 13486, 6772, 6714, 'june', 3, 5),
(1549, 'ST-01LLM', 19155, 1305, 17850, 'june', 3, 5),
(1550, 'ST-04LLM', 4300, 5450, -1150, 'june', 3, 5),
(1551, 'SC-01FDV', 8752, 1367, 7385, 'june', 3, 5),
(1552, 'CH-01QPI', 3575, 4756, -1181, 'june', 3, 5),
(1553, 'PK-01DSN', 8633, 3820, 4813, 'june', 3, 5),
(1554, 'CF-01TJA', 16430, 6772, 9658, 'june', 3, 6),
(1555, 'ST-01LLM', 3850, 1305, 2545, 'june', 3, 6),
(1556, 'ST-04LLM', 11400, 5450, 5950, 'june', 3, 6),
(1557, 'SC-01FDV', 4880, 1367, 3513, 'june', 3, 6),
(1558, 'CH-01QPI', 16354, 4756, 11598, 'june', 3, 6),
(1559, 'PK-01DSN', 21089, 3820, 17269, 'june', 3, 6),
(1560, 'CF-01TJA', 13486, 6772, 6714, 'june', 3, 7),
(1561, 'ST-01LLM', 19155, 1305, 17850, 'june', 3, 7),
(1562, 'ST-04LLM', 4300, 5450, -1150, 'june', 3, 7);
INSERT INTO `acc_receivable_sub_ledger` (`id`, `account_name`, `debit`, `credit`, `balance`, `month`, `week`, `day`) VALUES
(1563, 'SC-01FDV', 8752, 1367, 7385, 'june', 3, 7),
(1564, 'CH-01QPI', 3575, 4756, -1181, 'june', 3, 7),
(1565, 'PK-01DSN', 8633, 3820, 4813, 'june', 3, 7),
(1566, 'CF-01TJA', 12850, 3420, 9430, 'june', 4, 1),
(1567, 'ST-01LLM', 3450, 2600, 850, 'june', 4, 1),
(1568, 'ST-04LLM', 1601, 2013, -412, 'june', 4, 1),
(1569, 'SC-01FDV', 4785, 1355, 3430, 'june', 4, 1),
(1570, 'CH-01QPI', 18900, 1756, 17144, 'june', 4, 1),
(1571, 'PK-01DSN', 15470, 3820, 11650, 'june', 4, 1),
(1572, 'CF-01TJA', 12850, 3420, 9430, 'june', 4, 2),
(1573, 'ST-01LLM', 3450, 2600, 850, 'june', 4, 2),
(1574, 'ST-04LLM', 1601, 2013, -412, 'june', 4, 2),
(1575, 'SC-01FDV', 4785, 1355, 3430, 'june', 4, 2),
(1576, 'CH-01QPI', 18900, 1756, 17144, 'june', 4, 2),
(1577, 'PK-01DSN', 15470, 3820, 11650, 'june', 4, 2),
(1578, 'CF-01TJA', 16430, 6772, 9658, 'june', 4, 3),
(1579, 'ST-01LLM', 3850, 1305, 2545, 'june', 4, 3),
(1580, 'ST-04LLM', 11400, 5450, 5950, 'june', 4, 3),
(1581, 'SC-01FDV', 4880, 1367, 3513, 'june', 4, 3),
(1582, 'CH-01QPI', 16354, 4756, 11598, 'june', 4, 3),
(1583, 'PK-01DSN', 21089, 3820, 17269, 'june', 4, 3),
(1584, 'CF-01TJA', 7689, 1420, 6269, 'june', 4, 4),
(1585, 'ST-01LLM', 20015, 2600, 17415, 'june', 4, 4),
(1586, 'ST-04LLM', 5311, 4872, 439, 'june', 4, 4),
(1587, 'SC-01FDV', 4366, 1355, 3011, 'june', 4, 4),
(1588, 'CH-01QPI', 8710, 4756, 3954, 'june', 4, 4),
(1589, 'PK-01DSN', 11935, 3820, 8115, 'june', 4, 4),
(1590, 'CF-01TJA', 12850, 3420, 9430, 'june', 4, 5),
(1591, 'ST-01LLM', 3450, 2600, 850, 'june', 4, 5),
(1592, 'ST-04LLM', 1601, 2013, -412, 'june', 4, 5),
(1593, 'SC-01FDV', 4785, 1355, 3430, 'june', 4, 5),
(1594, 'CH-01QPI', 18900, 1756, 17144, 'june', 4, 5),
(1595, 'PK-01DSN', 15470, 3820, 11650, 'june', 4, 5),
(1596, 'CF-01TJA', 13486, 8450, 5036, 'june', 4, 6),
(1597, 'ST-01LLM', 19155, 8369, 10786, 'june', 4, 6),
(1598, 'ST-04LLM', 4300, 1238, 3062, 'june', 4, 6),
(1599, 'SC-01FDV', 8752, 2318, 6434, 'june', 4, 6),
(1600, 'CH-01QPI', 3575, 1310, 2265, 'june', 4, 6),
(1601, 'PK-01DSN', 8633, 3888, 4745, 'june', 4, 6),
(1602, 'CF-01TJA', 12335, 8455, 3880, 'june', 4, 7),
(1603, 'ST-01LLM', 7863, 2500, 5363, 'june', 4, 7),
(1604, 'ST-04LLM', 3211, 1650, 1561, 'june', 4, 7),
(1605, 'SC-01FDV', 15325, 6450, 8875, 'june', 4, 7),
(1606, 'CH-01QPI', 8660, 3000, 5660, 'june', 4, 7),
(1607, 'PK-01DSN', 9540, 1737, 7803, 'june', 4, 7),
(2000, 'CF-01TJA', 14066, 8455, 5611, 'july', 1, 1),
(2001, 'ST-01LLM', 11385, 2500, 8885, 'july', 1, 1),
(2002, 'ST-04LLM', 3211, 1650, 1561, 'july', 1, 1),
(2003, 'SC-01FDV', 4158, 6450, -2292, 'july', 1, 1),
(2004, 'CH-01QPI', 5301, 3000, 2301, 'july', 1, 1),
(2005, 'PK-01DSN', 2540, 1737, 803, 'july', 1, 1),
(2006, 'CF-01TJA', 8477, 8450, 27, 'july', 1, 2),
(2007, 'ST-01LLM', 5651, 8369, -2718, 'july', 1, 2),
(2008, 'ST-04LLM', 10385, 1238, 9147, 'july', 1, 2),
(2009, 'SC-01FDV', 2756, 2318, 438, 'july', 1, 2),
(2010, 'CH-01QPI', 6795, 1310, 5485, 'july', 1, 2),
(2011, 'PK-01DSN', 15301, 3888, 11413, 'july', 1, 2),
(2012, 'CF-01TJA', 7000, 1250, 5750, 'july', 1, 3),
(2013, 'ST-01LLM', 18403, 5612, 12791, 'july', 1, 3),
(2014, 'ST-04LLM', 15874, 11360, 4514, 'july', 1, 3),
(2015, 'SC-01FDV', 8651, 4472, 4179, 'july', 1, 3),
(2016, 'CH-01QPI', 18900, 10217, 8683, 'july', 1, 3),
(2017, 'PK-01DSN', 11000, 3820, 7180, 'july', 1, 3),
(2018, 'CF-01TJA', 12850, 3420, 9430, 'july', 1, 4),
(2019, 'ST-01LLM', 3450, 2600, 850, 'july', 1, 4),
(2020, 'ST-04LLM', 1601, 2013, -412, 'july', 1, 4),
(2021, 'SC-01FDV', 4785, 1355, 3430, 'july', 1, 4),
(2022, 'CH-01QPI', 18900, 1756, 17144, 'july', 1, 4),
(2023, 'PK-01DSN', 15470, 3820, 11650, 'july', 1, 4),
(2024, 'CF-01TJA', 44377, 13420, 30957, 'july', 1, 5),
(2025, 'ST-01LLM', 52357, 12600, 39757, 'july', 1, 5),
(2026, 'ST-04LLM', 50611, 5450, 45161, 'july', 1, 5),
(2027, 'SC-01FDV', 39634, 10355, 29279, 'july', 1, 5),
(2028, 'CH-01QPI', 18900, 4756, 14144, 'july', 1, 5),
(2029, 'PK-01DSN', 15470, 3820, 11650, 'july', 1, 5),
(2030, 'CF-01TJA', 8477, 8450, 27, 'july', 1, 6),
(2031, 'ST-01LLM', 5651, 8369, -2718, 'july', 1, 6),
(2032, 'ST-04LLM', 10385, 1238, 9147, 'july', 1, 6),
(2033, 'SC-01FDV', 2756, 2318, 438, 'july', 1, 6),
(2034, 'CH-01QPI', 6795, 1310, 5485, 'july', 1, 6),
(2035, 'PK-01DSN', 15301, 3888, 11413, 'july', 1, 6),
(2036, 'CF-01TJA', 7000, 1250, 5750, 'july', 1, 7),
(2037, 'ST-01LLM', 18403, 5612, 12791, 'july', 1, 7),
(2038, 'ST-04LLM', 15874, 11360, 4514, 'july', 1, 7),
(2039, 'SC-01FDV', 8651, 4472, 4179, 'july', 1, 7),
(2040, 'CH-01QPI', 18900, 10217, 8683, 'july', 1, 7),
(2041, 'PK-01DSN', 11000, 3820, 7180, 'july', 1, 7),
(2042, 'CF-01TJA', 16430, 6772, 9658, 'july', 2, 1),
(2043, 'ST-01LLM', 3850, 1305, 2545, 'july', 2, 1),
(2044, 'ST-04LLM', 11400, 5450, 5950, 'july', 2, 1),
(2045, 'SC-01FDV', 4880, 1367, 3513, 'july', 2, 1),
(2046, 'CH-01QPI', 16354, 4756, 11598, 'july', 2, 1),
(2047, 'PK-01DSN', 21089, 3820, 17269, 'july', 2, 1),
(2048, 'CF-01TJA', 13486, 8450, 5036, 'july', 2, 2),
(2049, 'ST-01LLM', 19155, 8369, 10786, 'july', 2, 2),
(2050, 'ST-04LLM', 4300, 1238, 3062, 'july', 2, 2),
(2051, 'SC-01FDV', 8752, 2318, 6434, 'july', 2, 2),
(2052, 'CH-01QPI', 3575, 1310, 2265, 'july', 2, 2),
(2053, 'PK-01DSN', 8633, 3888, 4745, 'july', 2, 2),
(2054, 'CF-01TJA', 12335, 8455, 3880, 'july', 2, 3),
(2055, 'ST-01LLM', 7863, 2500, 5363, 'july', 2, 3),
(2056, 'ST-04LLM', 3211, 1650, 1561, 'july', 2, 3),
(2057, 'SC-01FDV', 15325, 6450, 8875, 'july', 2, 3),
(2058, 'CH-01QPI', 8660, 3000, 5660, 'july', 2, 3),
(2059, 'PK-01DSN', 9540, 1737, 7803, 'july', 2, 3),
(2060, 'CF-01TJA', 14066, 8455, 5611, 'july', 2, 4),
(2061, 'ST-01LLM', 11385, 2500, 8885, 'july', 2, 4),
(2062, 'ST-04LLM', 3211, 1650, 1561, 'july', 2, 4),
(2063, 'SC-01FDV', 4158, 6450, -2292, 'july', 2, 4),
(2064, 'CH-01QPI', 5301, 3000, 2301, 'july', 2, 4),
(2065, 'PK-01DSN', 2540, 1737, 803, 'july', 2, 4),
(2066, 'CF-01TJA', 12850, 3420, 9430, 'july', 2, 5),
(2067, 'ST-01LLM', 3450, 2600, 850, 'july', 2, 5),
(2068, 'ST-04LLM', 1601, 2013, -412, 'july', 2, 5),
(2069, 'SC-01FDV', 4785, 1355, 3430, 'july', 2, 5),
(2070, 'CH-01QPI', 18900, 1756, 17144, 'july', 2, 5),
(2071, 'PK-01DSN', 15470, 3820, 11650, 'july', 2, 5),
(2072, 'CF-01TJA', 7000, 1250, 5750, 'july', 2, 6),
(2073, 'ST-01LLM', 18403, 5612, 12791, 'july', 2, 6),
(2074, 'ST-04LLM', 15874, 11360, 4514, 'july', 2, 6),
(2075, 'SC-01FDV', 8651, 4472, 4179, 'july', 2, 6),
(2076, 'CH-01QPI', 18900, 10217, 8683, 'july', 2, 6),
(2077, 'PK-01DSN', 11000, 3820, 7180, 'july', 2, 6),
(2078, 'CF-01TJA', 12335, 8455, 3880, 'july', 2, 7),
(2079, 'ST-01LLM', 7863, 2500, 5363, 'july', 2, 7),
(2080, 'ST-04LLM', 3211, 1650, 1561, 'july', 2, 7),
(2081, 'SC-01FDV', 15325, 6450, 8875, 'july', 2, 7),
(2082, 'CH-01QPI', 8660, 3000, 5660, 'july', 2, 7),
(2083, 'PK-01DSN', 9540, 1737, 7803, 'july', 2, 7),
(2084, 'CF-01TJA', 7689, 1420, 6269, 'july', 3, 1),
(2085, 'ST-01LLM', 20015, 2600, 17415, 'july', 3, 1),
(2086, 'ST-04LLM', 5311, 4872, 439, 'july', 3, 1),
(2087, 'SC-01FDV', 4366, 1355, 3011, 'july', 3, 1),
(2088, 'CH-01QPI', 8710, 4756, 3954, 'july', 3, 1),
(2089, 'PK-01DSN', 11935, 3820, 8115, 'july', 3, 1),
(2090, 'CF-01TJA', 16430, 6772, 9658, 'july', 3, 2),
(2091, 'ST-01LLM', 3850, 1305, 2545, 'july', 3, 2),
(2092, 'ST-04LLM', 11400, 5450, 5950, 'july', 3, 2),
(2093, 'SC-01FDV', 4880, 1367, 3513, 'july', 3, 2),
(2094, 'CH-01QPI', 16354, 4756, 11598, 'july', 3, 2),
(2095, 'PK-01DSN', 21089, 3820, 17269, 'july', 3, 2),
(2096, 'CF-01TJA', 8477, 8450, 27, 'july', 3, 3),
(2097, 'ST-01LLM', 5651, 8369, -2718, 'july', 3, 3),
(2098, 'ST-04LLM', 10385, 1238, 9147, 'july', 3, 3),
(2099, 'SC-01FDV', 2756, 2318, 438, 'july', 3, 3),
(2100, 'CH-01QPI', 6795, 1310, 5485, 'july', 3, 3),
(2101, 'PK-01DSN', 15301, 3888, 11413, 'july', 3, 3),
(2102, 'CF-01TJA', 13486, 8450, 5036, 'july', 3, 4),
(2103, 'ST-01LLM', 19155, 8369, 10786, 'july', 3, 4),
(2104, 'ST-04LLM', 4300, 1238, 3062, 'july', 3, 4),
(2105, 'SC-01FDV', 8752, 2318, 6434, 'july', 3, 4),
(2106, 'CH-01QPI', 3575, 1310, 2265, 'july', 3, 4),
(2107, 'PK-01DSN', 8633, 3888, 4745, 'july', 3, 4),
(2108, 'CF-01TJA', 8477, 8450, 27, 'july', 3, 5),
(2109, 'ST-01LLM', 5651, 8369, -2718, 'july', 3, 5),
(2110, 'ST-04LLM', 10385, 1238, 9147, 'july', 3, 5),
(2111, 'SC-01FDV', 2756, 2318, 438, 'july', 3, 5),
(2112, 'CH-01QPI', 6795, 1310, 5485, 'july', 3, 5),
(2113, 'PK-01DSN', 15301, 3888, 11413, 'july', 3, 5),
(2114, 'CF-01TJA', 16430, 6772, 9658, 'july', 3, 6),
(2115, 'ST-01LLM', 3850, 1305, 2545, 'july', 3, 6),
(2116, 'ST-04LLM', 11400, 5450, 5950, 'july', 3, 6),
(2117, 'SC-01FDV', 4880, 1367, 3513, 'july', 3, 6),
(2118, 'CH-01QPI', 16354, 4756, 11598, 'july', 3, 6),
(2119, 'PK-01DSN', 21089, 3820, 17269, 'july', 3, 6),
(2120, 'CF-01TJA', 7000, 1250, 5750, 'july', 3, 7),
(2121, 'ST-01LLM', 18403, 5612, 12791, 'july', 3, 7),
(2122, 'ST-04LLM', 15874, 11360, 4514, 'july', 3, 7),
(2123, 'SC-01FDV', 8651, 4472, 4179, 'july', 3, 7),
(2124, 'CH-01QPI', 18900, 10217, 8683, 'july', 3, 7),
(2125, 'PK-01DSN', 11000, 3820, 7180, 'july', 3, 7),
(2126, 'CF-01TJA', 12850, 3420, 9430, 'july', 4, 1),
(2127, 'ST-01LLM', 3450, 2600, 850, 'july', 4, 1),
(2128, 'ST-04LLM', 1601, 2013, -412, 'july', 4, 1),
(2129, 'SC-01FDV', 4785, 1355, 3430, 'july', 4, 1),
(2130, 'CH-01QPI', 18900, 1756, 17144, 'july', 4, 1),
(2131, 'PK-01DSN', 15470, 3820, 11650, 'july', 4, 1),
(2132, 'CF-01TJA', 12850, 3420, 9430, 'july', 4, 2),
(2133, 'ST-01LLM', 3450, 2600, 850, 'july', 4, 2),
(2134, 'ST-04LLM', 1601, 2013, -412, 'july', 4, 2),
(2135, 'SC-01FDV', 4785, 1355, 3430, 'july', 4, 2),
(2136, 'CH-01QPI', 18900, 1756, 17144, 'july', 4, 2),
(2137, 'PK-01DSN', 15470, 3820, 11650, 'july', 4, 2),
(2138, 'CF-01TJA', 16430, 6772, 9658, 'july', 4, 3),
(2139, 'ST-01LLM', 3850, 1305, 2545, 'july', 4, 3),
(2140, 'ST-04LLM', 11400, 5450, 5950, 'july', 4, 3),
(2141, 'SC-01FDV', 4880, 1367, 3513, 'july', 4, 3),
(2142, 'CH-01QPI', 16354, 4756, 11598, 'july', 4, 3),
(2143, 'PK-01DSN', 21089, 3820, 17269, 'july', 4, 3),
(2144, 'CF-01TJA', 7689, 1420, 6269, 'july', 4, 4),
(2145, 'ST-01LLM', 20015, 2600, 17415, 'july', 4, 4),
(2146, 'ST-04LLM', 5311, 4872, 439, 'july', 4, 4),
(2147, 'SC-01FDV', 4366, 1355, 3011, 'july', 4, 4),
(2148, 'CH-01QPI', 8710, 4756, 3954, 'july', 4, 4),
(2149, 'PK-01DSN', 11935, 3820, 8115, 'july', 4, 4),
(2150, 'CF-01TJA', 12850, 3420, 9430, 'july', 4, 5),
(2151, 'ST-01LLM', 3450, 2600, 850, 'july', 4, 5),
(2152, 'ST-04LLM', 1601, 2013, -412, 'july', 4, 5),
(2153, 'SC-01FDV', 4785, 1355, 3430, 'july', 4, 5),
(2154, 'CH-01QPI', 18900, 1756, 17144, 'july', 4, 5),
(2155, 'PK-01DSN', 15470, 3820, 11650, 'july', 4, 5),
(2156, 'CF-01TJA', 13486, 8450, 5036, 'july', 4, 6),
(2157, 'ST-01LLM', 19155, 8369, 10786, 'july', 4, 6),
(2158, 'ST-04LLM', 4300, 1238, 3062, 'july', 4, 6),
(2159, 'SC-01FDV', 8752, 2318, 6434, 'july', 4, 6),
(2160, 'CH-01QPI', 3575, 1310, 2265, 'july', 4, 6),
(2161, 'PK-01DSN', 8633, 3888, 4745, 'july', 4, 6),
(2162, 'CF-01TJA', 14066, 8455, 5611, 'july', 4, 7),
(2163, 'ST-01LLM', 11385, 2500, 8885, 'july', 4, 7),
(2164, 'ST-04LLM', 3211, 1650, 1561, 'july', 4, 7),
(2165, 'SC-01FDV', 4158, 6450, -2292, 'july', 4, 7),
(2166, 'CH-01QPI', 5301, 3000, 2301, 'july', 4, 7),
(2167, 'PK-01DSN', 2540, 1737, 803, 'july', 4, 7),
(2168, 'CF-01TJA', 11, 6, 4, 'aug', 1, 1),
(2169, 'ST-01LLM', 3, 1, 2, 'aug', 1, 1),
(2170, 'ST-04LLM', 11, 5, 5, 'aug', 1, 1),
(2171, 'SC-01FDV', 4, 1, 3, 'aug', 1, 1),
(2172, 'CH-01QPI', 16, 4, 11, 'aug', 1, 1),
(2173, 'PK-01DSN', 21, 3, 17, 'aug', 1, 1),
(2174, 'CF-01TJA', 7, 6, 595, 'aug', 1, 2),
(2175, 'ST-01LLM', 15, 1, 14, 'aug', 1, 2),
(2176, 'ST-04LLM', 8, 5, 3, 'aug', 1, 2),
(2177, 'SC-01FDV', 4, 1, 3, 'aug', 1, 2),
(2178, 'CH-01QPI', 3, 4, -1, 'aug', 1, 2),
(2179, 'PK-01DSN', 15, 3, 11, 'aug', 1, 2),
(2180, 'CF-01TJA', 7, 1, 5, 'aug', 1, 3),
(2181, 'ST-01LLM', 18, 5, 12, 'aug', 1, 3),
(2182, 'ST-04LLM', 15, 11, 4, 'aug', 1, 3),
(2183, 'SC-01FDV', 8, 4, 4, 'aug', 1, 3),
(2184, 'CH-01QPI', 18, 10, 8, 'aug', 1, 3),
(2185, 'PK-01DSN', 11, 3, 7, 'aug', 1, 3),
(2186, 'CF-01TJA', 12, 3, 9, 'aug', 1, 4),
(2187, 'ST-01LLM', 3, 2, 850, 'aug', 1, 4),
(2188, 'ST-04LLM', 1, 2, -412, 'aug', 1, 4),
(2189, 'SC-01FDV', 4, 1, 3, 'aug', 1, 4),
(2190, 'CH-01QPI', 18, 1, 17, 'aug', 1, 4),
(2191, 'PK-01DSN', 15, 3, 11, 'aug', 1, 4),
(2192, 'CF-01TJA', 44, 13, 30, 'aug', 1, 5),
(2193, 'ST-01LLM', 52, 12, 39, 'aug', 1, 5),
(2194, 'ST-04LLM', 50, 5, 45, 'aug', 1, 5),
(2195, 'SC-01FDV', 39, 10, 29, 'aug', 1, 5),
(2196, 'CH-01QPI', 18, 4, 14, 'aug', 1, 5),
(2197, 'PK-01DSN', 15, 3, 11, 'aug', 1, 5),
(2198, 'CF-01TJA', 8, 8, 27, 'aug', 1, 6),
(2199, 'ST-01LLM', 5, 8, -2, 'aug', 1, 6),
(2200, 'ST-04LLM', 10, 1, 9, 'aug', 1, 6),
(2201, 'SC-01FDV', 2, 2, 438, 'aug', 1, 6),
(2202, 'CH-01QPI', 6, 1, 5, 'aug', 1, 6),
(2203, 'PK-01DSN', 15, 3, 11, 'aug', 1, 6),
(2204, 'CF-01TJA', 7, 1, 5, 'aug', 1, 7),
(2205, 'ST-01LLM', 18, 5, 12, 'aug', 1, 7),
(2206, 'ST-04LLM', 15, 11, 4, 'aug', 1, 7),
(2207, 'SC-01FDV', 8, 4, 4, 'aug', 1, 7),
(2208, 'CH-01QPI', 18, 10, 8, 'aug', 1, 7),
(2209, 'PK-01DSN', 11, 3, 7, 'aug', 1, 7),
(2210, 'CF-01TJA', 16, 6, 9, 'aug', 2, 1),
(2211, 'ST-01LLM', 3, 1, 2, 'aug', 2, 1),
(2212, 'ST-04LLM', 11, 5, 5, 'aug', 2, 1),
(2213, 'SC-01FDV', 4, 1, 3, 'aug', 2, 1),
(2214, 'CH-01QPI', 16, 4, 11, 'aug', 2, 1),
(2215, 'PK-01DSN', 21, 3, 17, 'aug', 2, 1),
(2216, 'CF-01TJA', 13, 8, 5, 'aug', 2, 2),
(2217, 'ST-01LLM', 19, 8, 10, 'aug', 2, 2),
(2218, 'ST-04LLM', 4, 1, 3, 'aug', 2, 2),
(2219, 'SC-01FDV', 8, 2, 6, 'aug', 2, 2),
(2220, 'CH-01QPI', 3, 1, 2, 'aug', 2, 2),
(2221, 'PK-01DSN', 8, 3, 4, 'aug', 2, 2),
(2222, 'CF-01TJA', 12, 8, 3, 'aug', 2, 3),
(2223, 'ST-01LLM', 7, 2, 5, 'aug', 2, 3),
(2224, 'ST-04LLM', 3, 1, 1, 'aug', 2, 3),
(2225, 'SC-01FDV', 15, 6, 8, 'aug', 2, 3),
(2226, 'CH-01QPI', 8, 3, 5, 'aug', 2, 3),
(2227, 'PK-01DSN', 9, 1, 7, 'aug', 2, 3),
(2228, 'CF-01TJA', 14, 8, 5, 'aug', 2, 4),
(2229, 'ST-01LLM', 11, 2, 8, 'aug', 2, 4),
(2230, 'ST-04LLM', 3, 1, 1, 'aug', 2, 4),
(2231, 'SC-01FDV', 4, 6, -2, 'aug', 2, 4),
(2232, 'CH-01QPI', 5, 3, 2, 'aug', 2, 4),
(2233, 'PK-01DSN', 2, 1, 803, 'aug', 2, 4),
(2234, 'CF-01TJA', 7, 6, 595, 'aug', 2, 5),
(2235, 'ST-01LLM', 15, 1, 14, 'aug', 2, 5),
(2236, 'ST-04LLM', 8, 5, 3, 'aug', 2, 5),
(2237, 'SC-01FDV', 4, 1, 3, 'aug', 2, 5),
(2238, 'CH-01QPI', 3, 4, -1, 'aug', 2, 5),
(2239, 'PK-01DSN', 15, 3, 11, 'aug', 2, 5),
(2240, 'CF-01TJA', 7, 1, 5, 'aug', 2, 6),
(2241, 'ST-01LLM', 18, 5, 12, 'aug', 2, 6),
(2242, 'ST-04LLM', 15, 11, 4, 'aug', 2, 6),
(2243, 'SC-01FDV', 8, 4, 4, 'aug', 2, 6),
(2244, 'CH-01QPI', 18, 10, 8, 'aug', 2, 6),
(2245, 'PK-01DSN', 11, 3, 7, 'aug', 2, 6),
(2246, 'CF-01TJA', 7, 6, 595, 'aug', 2, 7),
(2247, 'ST-01LLM', 15, 1, 14, 'aug', 2, 7),
(2248, 'ST-04LLM', 8, 5, 3, 'aug', 2, 7),
(2249, 'SC-01FDV', 4, 1, 3, 'aug', 2, 7),
(2250, 'CH-01QPI', 3, 4, -1, 'aug', 2, 7),
(2251, 'PK-01DSN', 15, 3, 11, 'aug', 2, 7),
(2252, 'CF-01TJA', 7, 1, 6, 'aug', 3, 1),
(2253, 'ST-01LLM', 20, 2, 17, 'aug', 3, 1),
(2254, 'ST-04LLM', 5, 4, 439, 'aug', 3, 1),
(2255, 'SC-01FDV', 4, 1, 3, 'aug', 3, 1),
(2256, 'CH-01QPI', 8, 4, 3, 'aug', 3, 1),
(2257, 'PK-01DSN', 11, 3, 8, 'aug', 3, 1),
(2258, 'CF-01TJA', 16, 6, 9, 'aug', 3, 2),
(2259, 'ST-01LLM', 3, 1, 2, 'aug', 3, 2),
(2260, 'ST-04LLM', 11, 5, 5, 'aug', 3, 2),
(2261, 'SC-01FDV', 4, 1, 3, 'aug', 3, 2),
(2262, 'CH-01QPI', 16, 4, 11, 'aug', 3, 2),
(2263, 'PK-01DSN', 21, 3, 17, 'aug', 3, 2),
(2264, 'CF-01TJA', 8, 8, 27, 'aug', 3, 3),
(2265, 'ST-01LLM', 5, 8, -2, 'aug', 3, 3),
(2266, 'ST-04LLM', 10, 1, 9, 'aug', 3, 3),
(2267, 'SC-01FDV', 2, 2, 438, 'aug', 3, 3),
(2268, 'CH-01QPI', 6, 1, 5, 'aug', 3, 3),
(2269, 'PK-01DSN', 15, 3, 11, 'aug', 3, 3),
(2270, 'CF-01TJA', 7, 6, 595, 'aug', 3, 4),
(2271, 'ST-01LLM', 15, 1, 14, 'aug', 3, 4),
(2272, 'ST-04LLM', 8, 5, 3, 'aug', 3, 4),
(2273, 'SC-01FDV', 4, 1, 3, 'aug', 3, 4),
(2274, 'CH-01QPI', 3, 4, -1, 'aug', 3, 4),
(2275, 'PK-01DSN', 15, 3, 11, 'aug', 3, 4),
(2276, 'CF-01TJA', 8, 8, 27, 'aug', 3, 5),
(2277, 'ST-01LLM', 5, 8, -2, 'aug', 3, 5),
(2278, 'ST-04LLM', 10, 1, 9, 'aug', 3, 5),
(2279, 'SC-01FDV', 2, 2, 438, 'aug', 3, 5),
(2280, 'CH-01QPI', 6, 1, 5, 'aug', 3, 5),
(2281, 'PK-01DSN', 15, 3, 11, 'aug', 3, 5),
(2282, 'CF-01TJA', 16, 6, 9, 'aug', 3, 6),
(2283, 'ST-01LLM', 3, 1, 2, 'aug', 3, 6),
(2284, 'ST-04LLM', 11, 5, 5, 'aug', 3, 6),
(2285, 'SC-01FDV', 4, 1, 3, 'aug', 3, 6),
(2286, 'CH-01QPI', 16, 4, 11, 'aug', 3, 6),
(2287, 'PK-01DSN', 21, 3, 17, 'aug', 3, 6),
(2288, 'CF-01TJA', 7, 1, 5, 'aug', 3, 7),
(2289, 'ST-01LLM', 18, 5, 12, 'aug', 3, 7),
(2290, 'ST-04LLM', 15, 11, 4, 'aug', 3, 7),
(2291, 'SC-01FDV', 8, 4, 4, 'aug', 3, 7),
(2292, 'CH-01QPI', 18, 10, 8, 'aug', 3, 7),
(2293, 'PK-01DSN', 11, 3, 7, 'aug', 3, 7),
(2294, 'CF-01TJA', 12, 3, 9, 'aug', 4, 1),
(2295, 'ST-01LLM', 3, 2, 850, 'aug', 4, 1),
(2296, 'ST-04LLM', 1, 2, -412, 'aug', 4, 1),
(2297, 'SC-01FDV', 4, 1, 3, 'aug', 4, 1),
(2298, 'CH-01QPI', 18, 1, 17, 'aug', 4, 1),
(2299, 'PK-01DSN', 15, 3, 11, 'aug', 4, 1),
(2300, 'CF-01TJA', 7, 6, 595, 'aug', 4, 2),
(2301, 'ST-01LLM', 15, 1, 14, 'aug', 4, 2),
(2302, 'ST-04LLM', 8, 5, 3, 'aug', 4, 2),
(2303, 'SC-01FDV', 4, 1, 3, 'aug', 4, 2),
(2304, 'CH-01QPI', 3, 4, -1, 'aug', 4, 2),
(2305, 'PK-01DSN', 15, 3, 11, 'aug', 4, 2),
(2306, 'CF-01TJA', 16, 6, 9, 'aug', 4, 3),
(2307, 'ST-01LLM', 3, 1, 2, 'aug', 4, 3),
(2308, 'ST-04LLM', 11, 5, 5, 'aug', 4, 3),
(2309, 'SC-01FDV', 4, 1, 3, 'aug', 4, 3),
(2310, 'CH-01QPI', 16, 4, 11, 'aug', 4, 3),
(2311, 'PK-01DSN', 21, 3, 17, 'aug', 4, 3),
(2312, 'CF-01TJA', 7, 1, 6, 'aug', 4, 4),
(2313, 'ST-01LLM', 20, 2, 17, 'aug', 4, 4),
(2314, 'ST-04LLM', 5, 4, 439, 'aug', 4, 4),
(2315, 'SC-01FDV', 4, 1, 3, 'aug', 4, 4),
(2316, 'CH-01QPI', 8, 4, 3, 'aug', 4, 4),
(2317, 'PK-01DSN', 11, 3, 8, 'aug', 4, 4),
(2318, 'CF-01TJA', 7, 6, 595, 'aug', 4, 5),
(2319, 'ST-01LLM', 15, 1, 14, 'aug', 4, 5),
(2320, 'ST-04LLM', 8, 5, 3, 'aug', 4, 5),
(2321, 'SC-01FDV', 4, 1, 3, 'aug', 4, 5),
(2322, 'CH-01QPI', 3, 4, -1, 'aug', 4, 5),
(2323, 'PK-01DSN', 15, 3, 11, 'aug', 4, 5),
(2324, 'CF-01TJA', 13, 8, 5, 'aug', 4, 6),
(2325, 'ST-01LLM', 19, 8, 10, 'aug', 4, 6),
(2326, 'ST-04LLM', 4, 1, 3, 'aug', 4, 6),
(2327, 'SC-01FDV', 8, 2, 6, 'aug', 4, 6),
(2328, 'CH-01QPI', 3, 1, 2, 'aug', 4, 6),
(2329, 'PK-01DSN', 8, 3, 4, 'aug', 4, 6),
(2330, 'CF-01TJA', 14, 8, 5, 'aug', 4, 7),
(2331, 'ST-01LLM', 11, 2, 8, 'aug', 4, 7),
(2332, 'ST-04LLM', 3, 1, 1, 'aug', 4, 7),
(2333, 'SC-01FDV', 4, 6, -2, 'aug', 4, 7),
(2334, 'CH-01QPI', 5, 3, 2, 'aug', 4, 7),
(2335, 'PK-01DSN', 2, 1, 803, 'aug', 4, 7),
(2336, 'CF-01TJA', 13486, 6772, 6714, 'sept', 1, 1),
(2337, 'ST-01LLM', 19155, 1305, 17850, 'sept', 1, 1),
(2338, 'ST-04LLM', 4300, 5450, -1150, 'sept', 1, 1),
(2339, 'SC-01FDV', 8752, 1367, 7385, 'sept', 1, 1),
(2340, 'CH-01QPI', 3575, 4756, -1181, 'sept', 1, 1),
(2341, 'PK-01DSN', 8633, 3820, 4813, 'sept', 1, 1),
(2342, 'CF-01TJA', 16430, 6772, 9658, 'sept', 1, 2),
(2343, 'ST-01LLM', 3850, 1305, 2545, 'sept', 1, 2),
(2344, 'ST-04LLM', 11400, 5450, 5950, 'sept', 1, 2),
(2345, 'SC-01FDV', 4880, 1367, 3513, 'sept', 1, 2),
(2346, 'CH-01QPI', 16354, 4756, 11598, 'sept', 1, 2),
(2347, 'PK-01DSN', 21089, 3820, 17269, 'sept', 1, 2),
(2348, 'CF-01TJA', 7000, 1250, 5750, 'sept', 1, 3),
(2349, 'ST-01LLM', 18403, 5612, 12791, 'sept', 1, 3),
(2350, 'ST-04LLM', 15874, 11360, 4514, 'sept', 1, 3),
(2351, 'SC-01FDV', 8651, 4472, 4179, 'sept', 1, 3),
(2352, 'CH-01QPI', 18900, 10217, 8683, 'sept', 1, 3),
(2353, 'PK-01DSN', 11000, 3820, 7180, 'sept', 1, 3),
(2354, 'CF-01TJA', 12850, 3420, 9430, 'sept', 1, 4),
(2355, 'ST-01LLM', 3450, 2600, 850, 'sept', 1, 4),
(2356, 'ST-04LLM', 1601, 2013, -412, 'sept', 1, 4),
(2357, 'SC-01FDV', 4785, 1355, 3430, 'sept', 1, 4),
(2358, 'CH-01QPI', 18900, 1756, 17144, 'sept', 1, 4),
(2359, 'PK-01DSN', 15470, 3820, 11650, 'sept', 1, 4),
(2360, 'CF-01TJA', 44377, 13420, 30957, 'sept', 1, 5),
(2361, 'ST-01LLM', 52357, 12600, 39757, 'sept', 1, 5),
(2362, 'ST-04LLM', 50611, 5450, 45161, 'sept', 1, 5),
(2363, 'SC-01FDV', 39634, 10355, 29279, 'sept', 1, 5),
(2364, 'CH-01QPI', 18900, 4756, 14144, 'sept', 1, 5),
(2365, 'PK-01DSN', 15470, 3820, 11650, 'sept', 1, 5),
(2366, 'CF-01TJA', 12335, 8455, 3880, 'sept', 1, 6),
(2367, 'ST-01LLM', 7863, 2500, 5363, 'sept', 1, 6),
(2368, 'ST-04LLM', 3211, 1650, 1561, 'sept', 1, 6),
(2369, 'SC-01FDV', 15325, 6450, 8875, 'sept', 1, 6),
(2370, 'CH-01QPI', 8660, 3000, 5660, 'sept', 1, 6),
(2371, 'PK-01DSN', 9540, 1737, 7803, 'sept', 1, 6),
(2372, 'CF-01TJA', 7000, 1250, 5750, 'sept', 1, 7),
(2373, 'ST-01LLM', 18403, 5612, 12791, 'sept', 1, 7),
(2374, 'ST-04LLM', 15874, 11360, 4514, 'sept', 1, 7),
(2375, 'SC-01FDV', 8651, 4472, 4179, 'sept', 1, 7),
(2376, 'CH-01QPI', 18900, 10217, 8683, 'sept', 1, 7),
(2377, 'PK-01DSN', 11000, 3820, 7180, 'sept', 1, 7),
(2378, 'CF-01TJA', 16430, 6772, 9658, 'sept', 2, 1),
(2379, 'ST-01LLM', 3850, 1305, 2545, 'sept', 2, 1),
(2380, 'ST-04LLM', 11400, 5450, 5950, 'sept', 2, 1),
(2381, 'SC-01FDV', 4880, 1367, 3513, 'sept', 2, 1),
(2382, 'CH-01QPI', 16354, 4756, 11598, 'sept', 2, 1),
(2383, 'PK-01DSN', 21089, 3820, 17269, 'sept', 2, 1),
(2384, 'CF-01TJA', 13486, 8450, 5036, 'sept', 2, 2),
(2385, 'ST-01LLM', 19155, 8369, 10786, 'sept', 2, 2),
(2386, 'ST-04LLM', 4300, 1238, 3062, 'sept', 2, 2),
(2387, 'SC-01FDV', 8752, 2318, 6434, 'sept', 2, 2),
(2388, 'CH-01QPI', 3575, 1310, 2265, 'sept', 2, 2),
(2389, 'PK-01DSN', 8633, 3888, 4745, 'sept', 2, 2),
(2390, 'CF-01TJA', 12335, 8455, 3880, 'sept', 2, 3),
(2391, 'ST-01LLM', 7863, 2500, 5363, 'sept', 2, 3),
(2392, 'ST-04LLM', 3211, 1650, 1561, 'sept', 2, 3),
(2393, 'SC-01FDV', 15325, 6450, 8875, 'sept', 2, 3),
(2394, 'CH-01QPI', 8660, 3000, 5660, 'sept', 2, 3),
(2395, 'PK-01DSN', 9540, 1737, 7803, 'sept', 2, 3),
(2396, 'CF-01TJA', 44377, 13420, 30957, 'sept', 2, 4),
(2397, 'ST-01LLM', 52357, 12600, 39757, 'sept', 2, 4),
(2398, 'ST-04LLM', 50611, 5450, 45161, 'sept', 2, 4),
(2399, 'SC-01FDV', 39634, 10355, 29279, 'sept', 2, 4),
(2400, 'CH-01QPI', 18900, 4756, 14144, 'sept', 2, 4),
(2401, 'PK-01DSN', 15470, 3820, 11650, 'sept', 2, 4),
(2402, 'CF-01TJA', 12850, 3420, 9430, 'sept', 2, 5),
(2403, 'ST-01LLM', 3450, 2600, 850, 'sept', 2, 5),
(2404, 'ST-04LLM', 1601, 2013, -412, 'sept', 2, 5),
(2405, 'SC-01FDV', 4785, 1355, 3430, 'sept', 2, 5),
(2406, 'CH-01QPI', 18900, 1756, 17144, 'sept', 2, 5),
(2407, 'PK-01DSN', 15470, 3820, 11650, 'sept', 2, 5),
(2408, 'CF-01TJA', 7000, 1250, 5750, 'sept', 2, 6),
(2409, 'ST-01LLM', 18403, 5612, 12791, 'sept', 2, 6),
(2410, 'ST-04LLM', 15874, 11360, 4514, 'sept', 2, 6),
(2411, 'SC-01FDV', 8651, 4472, 4179, 'sept', 2, 6),
(2412, 'CH-01QPI', 18900, 10217, 8683, 'sept', 2, 6),
(2413, 'PK-01DSN', 11000, 3820, 7180, 'sept', 2, 6),
(2414, 'CF-01TJA', 12335, 8455, 3880, 'sept', 2, 7),
(2415, 'ST-01LLM', 7863, 2500, 5363, 'sept', 2, 7),
(2416, 'ST-04LLM', 3211, 1650, 1561, 'sept', 2, 7),
(2417, 'SC-01FDV', 15325, 6450, 8875, 'sept', 2, 7),
(2418, 'CH-01QPI', 8660, 3000, 5660, 'sept', 2, 7),
(2419, 'PK-01DSN', 9540, 1737, 7803, 'sept', 2, 7),
(2420, 'CF-01TJA', 13486, 6772, 6714, 'sept', 3, 1),
(2421, 'ST-01LLM', 19155, 1305, 17850, 'sept', 3, 1),
(2422, 'ST-04LLM', 4300, 5450, -1150, 'sept', 3, 1),
(2423, 'SC-01FDV', 8752, 1367, 7385, 'sept', 3, 1),
(2424, 'CH-01QPI', 3575, 4756, -1181, 'sept', 3, 1),
(2425, 'PK-01DSN', 8633, 3820, 4813, 'sept', 3, 1),
(2426, 'CF-01TJA', 16430, 6772, 9658, 'sept', 3, 2),
(2427, 'ST-01LLM', 3850, 1305, 2545, 'sept', 3, 2),
(2428, 'ST-04LLM', 11400, 5450, 5950, 'sept', 3, 2),
(2429, 'SC-01FDV', 4880, 1367, 3513, 'sept', 3, 2),
(2430, 'CH-01QPI', 16354, 4756, 11598, 'sept', 3, 2),
(2431, 'PK-01DSN', 21089, 3820, 17269, 'sept', 3, 2),
(2432, 'CF-01TJA', 7000, 1250, 5750, 'sept', 3, 3),
(2433, 'ST-01LLM', 18403, 5612, 12791, 'sept', 3, 3),
(2434, 'ST-04LLM', 15874, 11360, 4514, 'sept', 3, 3),
(2435, 'SC-01FDV', 8651, 4472, 4179, 'sept', 3, 3),
(2436, 'CH-01QPI', 18900, 10217, 8683, 'sept', 3, 3),
(2437, 'PK-01DSN', 11000, 3820, 7180, 'sept', 3, 3),
(2438, 'CF-01TJA', 13486, 8450, 5036, 'sept', 3, 4),
(2439, 'ST-01LLM', 19155, 8369, 10786, 'sept', 3, 4),
(2440, 'ST-04LLM', 4300, 1238, 3062, 'sept', 3, 4),
(2441, 'SC-01FDV', 8752, 2318, 6434, 'sept', 3, 4),
(2442, 'CH-01QPI', 3575, 1310, 2265, 'sept', 3, 4),
(2443, 'PK-01DSN', 8633, 3888, 4745, 'sept', 3, 4),
(2444, 'CF-01TJA', 13486, 6772, 6714, 'sept', 3, 5),
(2445, 'ST-01LLM', 19155, 1305, 17850, 'sept', 3, 5),
(2446, 'ST-04LLM', 4300, 5450, -1150, 'sept', 3, 5),
(2447, 'SC-01FDV', 8752, 1367, 7385, 'sept', 3, 5),
(2448, 'CH-01QPI', 3575, 4756, -1181, 'sept', 3, 5),
(2449, 'PK-01DSN', 8633, 3820, 4813, 'sept', 3, 5),
(2450, 'CF-01TJA', 16430, 6772, 9658, 'sept', 3, 6),
(2451, 'ST-01LLM', 3850, 1305, 2545, 'sept', 3, 6),
(2452, 'ST-04LLM', 11400, 5450, 5950, 'sept', 3, 6),
(2453, 'SC-01FDV', 4880, 1367, 3513, 'sept', 3, 6),
(2454, 'CH-01QPI', 16354, 4756, 11598, 'sept', 3, 6),
(2455, 'PK-01DSN', 21089, 3820, 17269, 'sept', 3, 6),
(2456, 'CF-01TJA', 13486, 6772, 6714, 'sept', 3, 7),
(2457, 'ST-01LLM', 19155, 1305, 17850, 'sept', 3, 7),
(2458, 'ST-04LLM', 4300, 5450, -1150, 'sept', 3, 7),
(2459, 'SC-01FDV', 8752, 1367, 7385, 'sept', 3, 7),
(2460, 'CH-01QPI', 3575, 4756, -1181, 'sept', 3, 7),
(2461, 'PK-01DSN', 8633, 3820, 4813, 'sept', 3, 7),
(2462, 'CF-01TJA', 12850, 3420, 9430, 'sept', 4, 1),
(2463, 'ST-01LLM', 3450, 2600, 850, 'sept', 4, 1),
(2464, 'ST-04LLM', 1601, 2013, -412, 'sept', 4, 1),
(2465, 'SC-01FDV', 4785, 1355, 3430, 'sept', 4, 1),
(2466, 'CH-01QPI', 18900, 1756, 17144, 'sept', 4, 1),
(2467, 'PK-01DSN', 15470, 3820, 11650, 'sept', 4, 1),
(2468, 'CF-01TJA', 12850, 3420, 9430, 'sept', 4, 2),
(2469, 'ST-01LLM', 3450, 2600, 850, 'sept', 4, 2),
(2470, 'ST-04LLM', 1601, 2013, -412, 'sept', 4, 2),
(2471, 'SC-01FDV', 4785, 1355, 3430, 'sept', 4, 2),
(2472, 'CH-01QPI', 18900, 1756, 17144, 'sept', 4, 2),
(2473, 'PK-01DSN', 15470, 3820, 11650, 'sept', 4, 2),
(2474, 'CF-01TJA', 16430, 6772, 9658, 'sept', 4, 3),
(2475, 'ST-01LLM', 3850, 1305, 2545, 'sept', 4, 3),
(2476, 'ST-04LLM', 11400, 5450, 5950, 'sept', 4, 3),
(2477, 'SC-01FDV', 4880, 1367, 3513, 'sept', 4, 3),
(2478, 'CH-01QPI', 16354, 4756, 11598, 'sept', 4, 3),
(2479, 'PK-01DSN', 21089, 3820, 17269, 'sept', 4, 3),
(2480, 'CF-01TJA', 7689, 1420, 6269, 'sept', 4, 4),
(2481, 'ST-01LLM', 20015, 2600, 17415, 'sept', 4, 4),
(2482, 'ST-04LLM', 5311, 4872, 439, 'sept', 4, 4),
(2483, 'SC-01FDV', 4366, 1355, 3011, 'sept', 4, 4),
(2484, 'CH-01QPI', 8710, 4756, 3954, 'sept', 4, 4),
(2485, 'PK-01DSN', 11935, 3820, 8115, 'sept', 4, 4),
(2486, 'CF-01TJA', 12850, 3420, 9430, 'sept', 4, 5),
(2487, 'ST-01LLM', 3450, 2600, 850, 'sept', 4, 5),
(2488, 'ST-04LLM', 1601, 2013, -412, 'sept', 4, 5),
(2489, 'SC-01FDV', 4785, 1355, 3430, 'sept', 4, 5),
(2490, 'CH-01QPI', 18900, 1756, 17144, 'sept', 4, 5),
(2491, 'PK-01DSN', 15470, 3820, 11650, 'sept', 4, 5),
(2492, 'CF-01TJA', 13486, 8450, 5036, 'sept', 4, 6),
(2493, 'ST-01LLM', 19155, 8369, 10786, 'sept', 4, 6),
(2494, 'ST-04LLM', 4300, 1238, 3062, 'sept', 4, 6),
(2495, 'SC-01FDV', 8752, 2318, 6434, 'sept', 4, 6),
(2496, 'CH-01QPI', 3575, 1310, 2265, 'sept', 4, 6),
(2497, 'PK-01DSN', 8633, 3888, 4745, 'sept', 4, 6),
(2498, 'CF-01TJA', 12335, 8455, 3880, 'sept', 4, 7),
(2499, 'ST-01LLM', 7863, 2500, 5363, 'sept', 4, 7),
(2500, 'ST-04LLM', 3211, 1650, 1561, 'sept', 4, 7),
(2501, 'SC-01FDV', 15325, 6450, 8875, 'sept', 4, 7),
(2502, 'CH-01QPI', 8660, 3000, 5660, 'sept', 4, 7),
(2503, 'PK-01DSN', 9540, 1737, 7803, 'sept', 4, 7),
(2504, 'CF-01TJA', 13486, 6772, 6714, 'oct', 1, 1),
(2505, 'ST-01LLM', 19155, 1305, 17850, 'oct', 1, 1),
(2506, 'ST-04LLM', 4300, 5450, -1150, 'oct', 1, 1),
(2507, 'SC-01FDV', 8752, 1367, 7385, 'oct', 1, 1),
(2508, 'CH-01QPI', 3575, 4756, -1181, 'oct', 1, 1),
(2509, 'PK-01DSN', 8633, 3820, 4813, 'oct', 1, 1),
(2510, 'CF-01TJA', 16430, 6772, 9658, 'oct', 1, 2),
(2511, 'ST-01LLM', 3850, 1305, 2545, 'oct', 1, 2),
(2512, 'ST-04LLM', 11400, 5450, 5950, 'oct', 1, 2),
(2513, 'SC-01FDV', 4880, 1367, 3513, 'oct', 1, 2),
(2514, 'CH-01QPI', 16354, 4756, 11598, 'oct', 1, 2),
(2515, 'PK-01DSN', 21089, 3820, 17269, 'oct', 1, 2),
(2516, 'CF-01TJA', 7000, 1250, 5750, 'oct', 1, 3),
(2517, 'ST-01LLM', 18403, 5612, 12791, 'oct', 1, 3),
(2518, 'ST-04LLM', 15874, 11360, 4514, 'oct', 1, 3),
(2519, 'SC-01FDV', 8651, 4472, 4179, 'oct', 1, 3),
(2520, 'CH-01QPI', 18900, 10217, 8683, 'oct', 1, 3),
(2521, 'PK-01DSN', 11000, 3820, 7180, 'oct', 1, 3),
(2522, 'CF-01TJA', 12850, 3420, 9430, 'oct', 1, 4),
(2523, 'ST-01LLM', 3450, 2600, 850, 'oct', 1, 4),
(2524, 'ST-04LLM', 1601, 2013, -412, 'oct', 1, 4),
(2525, 'SC-01FDV', 4785, 1355, 3430, 'oct', 1, 4),
(2526, 'CH-01QPI', 18900, 1756, 17144, 'oct', 1, 4),
(2527, 'PK-01DSN', 15470, 3820, 11650, 'oct', 1, 4),
(2528, 'CF-01TJA', 44377, 13420, 30957, 'oct', 1, 5),
(2529, 'ST-01LLM', 52357, 12600, 39757, 'oct', 1, 5),
(2530, 'ST-04LLM', 50611, 5450, 45161, 'oct', 1, 5),
(2531, 'SC-01FDV', 39634, 10355, 29279, 'oct', 1, 5),
(2532, 'CH-01QPI', 18900, 4756, 14144, 'oct', 1, 5),
(2533, 'PK-01DSN', 15470, 3820, 11650, 'oct', 1, 5),
(2534, 'CF-01TJA', 12335, 8455, 3880, 'oct', 1, 6),
(2535, 'ST-01LLM', 7863, 2500, 5363, 'oct', 1, 6),
(2536, 'ST-04LLM', 3211, 1650, 1561, 'oct', 1, 6),
(2537, 'SC-01FDV', 15325, 6450, 8875, 'oct', 1, 6),
(2538, 'CH-01QPI', 8660, 3000, 5660, 'oct', 1, 6),
(2539, 'PK-01DSN', 9540, 1737, 7803, 'oct', 1, 6),
(2540, 'CF-01TJA', 7000, 1250, 5750, 'oct', 1, 7),
(2541, 'ST-01LLM', 18403, 5612, 12791, 'oct', 1, 7),
(2542, 'ST-04LLM', 15874, 11360, 4514, 'oct', 1, 7),
(2543, 'SC-01FDV', 8651, 4472, 4179, 'oct', 1, 7),
(2544, 'CH-01QPI', 18900, 10217, 8683, 'oct', 1, 7),
(2545, 'PK-01DSN', 11000, 3820, 7180, 'oct', 1, 7),
(2546, 'CF-01TJA', 16430, 6772, 9658, 'oct', 2, 1),
(2547, 'ST-01LLM', 3850, 1305, 2545, 'oct', 2, 1),
(2548, 'ST-04LLM', 11400, 5450, 5950, 'oct', 2, 1),
(2549, 'SC-01FDV', 4880, 1367, 3513, 'oct', 2, 1),
(2550, 'CH-01QPI', 16354, 4756, 11598, 'oct', 2, 1),
(2551, 'PK-01DSN', 21089, 3820, 17269, 'oct', 2, 1),
(2552, 'CF-01TJA', 13486, 8450, 5036, 'oct', 2, 2),
(2553, 'ST-01LLM', 19155, 8369, 10786, 'oct', 2, 2),
(2554, 'ST-04LLM', 4300, 1238, 3062, 'oct', 2, 2),
(2555, 'SC-01FDV', 8752, 2318, 6434, 'oct', 2, 2),
(2556, 'CH-01QPI', 3575, 1310, 2265, 'oct', 2, 2),
(2557, 'PK-01DSN', 8633, 3888, 4745, 'oct', 2, 2),
(2558, 'CF-01TJA', 12335, 8455, 3880, 'oct', 2, 3),
(2559, 'ST-01LLM', 7863, 2500, 5363, 'oct', 2, 3),
(2560, 'ST-04LLM', 3211, 1650, 1561, 'oct', 2, 3),
(2561, 'SC-01FDV', 15325, 6450, 8875, 'oct', 2, 3),
(2562, 'CH-01QPI', 8660, 3000, 5660, 'oct', 2, 3),
(2563, 'PK-01DSN', 9540, 1737, 7803, 'oct', 2, 3),
(2564, 'CF-01TJA', 44377, 13420, 30957, 'oct', 2, 4),
(2565, 'ST-01LLM', 52357, 12600, 39757, 'oct', 2, 4),
(2566, 'ST-04LLM', 50611, 5450, 45161, 'oct', 2, 4),
(2567, 'SC-01FDV', 39634, 10355, 29279, 'oct', 2, 4),
(2568, 'CH-01QPI', 18900, 4756, 14144, 'oct', 2, 4),
(2569, 'PK-01DSN', 15470, 3820, 11650, 'oct', 2, 4),
(2570, 'CF-01TJA', 12850, 3420, 9430, 'oct', 2, 5),
(2571, 'ST-01LLM', 3450, 2600, 850, 'oct', 2, 5),
(2572, 'ST-04LLM', 1601, 2013, -412, 'oct', 2, 5),
(2573, 'SC-01FDV', 4785, 1355, 3430, 'oct', 2, 5),
(2574, 'CH-01QPI', 18900, 1756, 17144, 'oct', 2, 5),
(2575, 'PK-01DSN', 15470, 3820, 11650, 'oct', 2, 5),
(2576, 'CF-01TJA', 7000, 1250, 5750, 'oct', 2, 6),
(2577, 'ST-01LLM', 18403, 5612, 12791, 'oct', 2, 6),
(2578, 'ST-04LLM', 15874, 11360, 4514, 'oct', 2, 6),
(2579, 'SC-01FDV', 8651, 4472, 4179, 'oct', 2, 6),
(2580, 'CH-01QPI', 18900, 10217, 8683, 'oct', 2, 6),
(2581, 'PK-01DSN', 11000, 3820, 7180, 'oct', 2, 6),
(2582, 'CF-01TJA', 12335, 8455, 3880, 'oct', 2, 7),
(2583, 'ST-01LLM', 7863, 2500, 5363, 'oct', 2, 7),
(2584, 'ST-04LLM', 3211, 1650, 1561, 'oct', 2, 7),
(2585, 'SC-01FDV', 15325, 6450, 8875, 'oct', 2, 7),
(2586, 'CH-01QPI', 8660, 3000, 5660, 'oct', 2, 7),
(2587, 'PK-01DSN', 9540, 1737, 7803, 'oct', 2, 7),
(2588, 'CF-01TJA', 13486, 6772, 6714, 'oct', 2, 1),
(2589, 'ST-01LLM', 19155, 1305, 17850, 'oct', 2, 1),
(2590, 'ST-04LLM', 4300, 5450, -1150, 'oct', 2, 1),
(2591, 'SC-01FDV', 8752, 1367, 7385, 'oct', 2, 1),
(2592, 'CH-01QPI', 3575, 4756, -1181, 'oct', 2, 1),
(2593, 'PK-01DSN', 8633, 3820, 4813, 'oct', 2, 1),
(2594, 'CF-01TJA', 16430, 6772, 9658, 'oct', 3, 2),
(2595, 'ST-01LLM', 3850, 1305, 2545, 'oct', 3, 2),
(2596, 'ST-04LLM', 11400, 5450, 5950, 'oct', 3, 2),
(2597, 'SC-01FDV', 4880, 1367, 3513, 'oct', 3, 2),
(2598, 'CH-01QPI', 16354, 4756, 11598, 'oct', 3, 2),
(2599, 'PK-01DSN', 21089, 3820, 17269, 'oct', 3, 2),
(2600, 'CF-01TJA', 7000, 1250, 5750, 'oct', 3, 3),
(2601, 'ST-01LLM', 18403, 5612, 12791, 'oct', 3, 3),
(2602, 'ST-04LLM', 15874, 11360, 4514, 'oct', 3, 3),
(2603, 'SC-01FDV', 8651, 4472, 4179, 'oct', 3, 3),
(2604, 'CH-01QPI', 18900, 10217, 8683, 'oct', 3, 3),
(2605, 'PK-01DSN', 11000, 3820, 7180, 'oct', 3, 3),
(2606, 'CF-01TJA', 13486, 8450, 5036, 'oct', 3, 4),
(2607, 'ST-01LLM', 19155, 8369, 10786, 'oct', 3, 4),
(2608, 'ST-04LLM', 4300, 1238, 3062, 'oct', 3, 4),
(2609, 'SC-01FDV', 8752, 2318, 6434, 'oct', 3, 4),
(2610, 'CH-01QPI', 3575, 1310, 2265, 'oct', 3, 4),
(2611, 'PK-01DSN', 8633, 3888, 4745, 'oct', 3, 4),
(2612, 'CF-01TJA', 13486, 6772, 6714, 'oct', 3, 5),
(2613, 'ST-01LLM', 19155, 1305, 17850, 'oct', 3, 5),
(2614, 'ST-04LLM', 4300, 5450, -1150, 'oct', 3, 5),
(2615, 'SC-01FDV', 8752, 1367, 7385, 'oct', 3, 5),
(2616, 'CH-01QPI', 3575, 4756, -1181, 'oct', 3, 5),
(2617, 'PK-01DSN', 8633, 3820, 4813, 'oct', 3, 5),
(2618, 'CF-01TJA', 16430, 6772, 9658, 'oct', 3, 6),
(2619, 'ST-01LLM', 3850, 1305, 2545, 'oct', 3, 6),
(2620, 'ST-04LLM', 11400, 5450, 5950, 'oct', 3, 6),
(2621, 'SC-01FDV', 4880, 1367, 3513, 'oct', 3, 6),
(2622, 'CH-01QPI', 16354, 4756, 11598, 'oct', 3, 6),
(2623, 'PK-01DSN', 21089, 3820, 17269, 'oct', 3, 6),
(2624, 'CF-01TJA', 13486, 6772, 6714, 'oct', 3, 7),
(2625, 'ST-01LLM', 19155, 1305, 17850, 'oct', 3, 7),
(2626, 'ST-04LLM', 4300, 5450, -1150, 'oct', 3, 7),
(2627, 'SC-01FDV', 8752, 1367, 7385, 'oct', 3, 7),
(2628, 'CH-01QPI', 3575, 4756, -1181, 'oct', 3, 7),
(2629, 'PK-01DSN', 8633, 3820, 4813, 'oct', 3, 7),
(2630, 'CF-01TJA', 12850, 3420, 9430, 'oct', 4, 1),
(2631, 'ST-01LLM', 3450, 2600, 850, 'oct', 4, 1),
(2632, 'ST-04LLM', 1601, 2013, -412, 'oct', 4, 1),
(2633, 'SC-01FDV', 4785, 1355, 3430, 'oct', 4, 1),
(2634, 'CH-01QPI', 18900, 1756, 17144, 'oct', 4, 1),
(2635, 'PK-01DSN', 15470, 3820, 11650, 'oct', 4, 1),
(2636, 'CF-01TJA', 12850, 3420, 9430, 'oct', 4, 2),
(2637, 'ST-01LLM', 3450, 2600, 850, 'oct', 4, 2),
(2638, 'ST-04LLM', 1601, 2013, -412, 'oct', 4, 2),
(2639, 'SC-01FDV', 4785, 1355, 3430, 'oct', 4, 2),
(2640, 'CH-01QPI', 18900, 1756, 17144, 'oct', 4, 2),
(2641, 'PK-01DSN', 15470, 3820, 11650, 'oct', 4, 2),
(2642, 'CF-01TJA', 16430, 6772, 9658, 'oct', 4, 3),
(2643, 'ST-01LLM', 3850, 1305, 2545, 'oct', 4, 3),
(2644, 'ST-04LLM', 11400, 5450, 5950, 'oct', 4, 3),
(2645, 'SC-01FDV', 4880, 1367, 3513, 'oct', 4, 3),
(2646, 'CH-01QPI', 16354, 4756, 11598, 'oct', 4, 3),
(2647, 'PK-01DSN', 21089, 3820, 17269, 'oct', 4, 3),
(2648, 'CF-01TJA', 7689, 1420, 6269, 'oct', 4, 4),
(2649, 'ST-01LLM', 20015, 2600, 17415, 'oct', 4, 4),
(2650, 'ST-04LLM', 5311, 4872, 439, 'oct', 4, 4),
(2651, 'SC-01FDV', 4366, 1355, 3011, 'oct', 4, 4),
(2652, 'CH-01QPI', 8710, 4756, 3954, 'oct', 4, 4),
(2653, 'PK-01DSN', 11935, 3820, 8115, 'oct', 4, 4),
(2654, 'CF-01TJA', 12850, 3420, 9430, 'oct', 4, 5),
(2655, 'ST-01LLM', 3450, 2600, 850, 'oct', 4, 5),
(2656, 'ST-04LLM', 1601, 2013, -412, 'oct', 4, 5),
(2657, 'SC-01FDV', 4785, 1355, 3430, 'oct', 4, 5),
(2658, 'CH-01QPI', 18900, 1756, 17144, 'oct', 4, 5),
(2659, 'PK-01DSN', 15470, 3820, 11650, 'oct', 4, 5),
(2660, 'CF-01TJA', 13486, 8450, 5036, 'oct', 4, 6),
(2661, 'ST-01LLM', 19155, 8369, 10786, 'oct', 4, 6),
(2662, 'ST-04LLM', 4300, 1238, 3062, 'oct', 4, 6),
(2663, 'SC-01FDV', 8752, 2318, 6434, 'oct', 4, 6),
(2664, 'CH-01QPI', 3575, 1310, 2265, 'oct', 4, 6),
(2665, 'PK-01DSN', 8633, 3888, 4745, 'oct', 4, 6),
(2666, 'CF-01TJA', 12335, 8455, 3880, 'oct', 4, 7),
(2667, 'ST-01LLM', 7863, 2500, 5363, 'oct', 4, 7),
(2668, 'ST-04LLM', 3211, 1650, 1561, 'oct', 4, 7),
(2669, 'SC-01FDV', 15325, 6450, 8875, 'oct', 4, 7),
(2670, 'CH-01QPI', 8660, 3000, 5660, 'oct', 4, 7),
(2671, 'PK-01DSN', 9540, 1737, 7803, 'oct', 4, 7),
(2672, 'CF-01TJA', 14066, 8455, 5611, 'nov', 1, 1),
(2673, 'ST-01LLM', 11385, 2500, 8885, 'nov', 1, 1),
(2674, 'ST-04LLM', 3211, 1650, 1561, 'nov', 1, 1),
(2675, 'SC-01FDV', 4158, 6450, -2292, 'nov', 1, 1),
(2676, 'CH-01QPI', 5301, 3000, 2301, 'nov', 1, 1),
(2677, 'PK-01DSN', 2540, 1737, 803, 'nov', 1, 1),
(2678, 'CF-01TJA', 16430, 6772, 9658, 'nov', 1, 2),
(2679, 'ST-01LLM', 3850, 1305, 2545, 'nov', 1, 2),
(2680, 'ST-04LLM', 11400, 5450, 5950, 'nov', 1, 2),
(2681, 'SC-01FDV', 4880, 1367, 3513, 'nov', 1, 2),
(2682, 'CH-01QPI', 16354, 4756, 11598, 'nov', 1, 2),
(2683, 'PK-01DSN', 21089, 3820, 17269, 'nov', 1, 2),
(2684, 'CF-01TJA', 7000, 1250, 5750, 'nov', 1, 3),
(2685, 'ST-01LLM', 18403, 5612, 12791, 'nov', 1, 3),
(2686, 'ST-04LLM', 15874, 11360, 4514, 'nov', 1, 3),
(2687, 'SC-01FDV', 8651, 4472, 4179, 'nov', 1, 3),
(2688, 'CH-01QPI', 18900, 10217, 8683, 'nov', 1, 3),
(2689, 'PK-01DSN', 11000, 3820, 7180, 'nov', 1, 3),
(2690, 'CF-01TJA', 12850, 3420, 9430, 'nov', 1, 4),
(2691, 'ST-01LLM', 3450, 2600, 850, 'nov', 1, 4),
(2692, 'ST-04LLM', 1601, 2013, -412, 'nov', 1, 4),
(2693, 'SC-01FDV', 4785, 1355, 3430, 'nov', 1, 4),
(2694, 'CH-01QPI', 18900, 1756, 17144, 'nov', 1, 4),
(2695, 'PK-01DSN', 15470, 3820, 11650, 'nov', 1, 4),
(2696, 'CF-01TJA', 44377, 13420, 30957, 'nov', 1, 5),
(2697, 'ST-01LLM', 52357, 12600, 39757, 'nov', 1, 5),
(2698, 'ST-04LLM', 50611, 5450, 45161, 'nov', 1, 5),
(2699, 'SC-01FDV', 39634, 10355, 29279, 'nov', 1, 5),
(2700, 'CH-01QPI', 18900, 4756, 14144, 'nov', 1, 5),
(2701, 'PK-01DSN', 15470, 3820, 11650, 'nov', 1, 5),
(2702, 'CF-01TJA', 12335, 8455, 3880, 'nov', 1, 6),
(2703, 'ST-01LLM', 7863, 2500, 5363, 'nov', 1, 6),
(2704, 'ST-04LLM', 3211, 1650, 1561, 'nov', 1, 6),
(2705, 'SC-01FDV', 15325, 6450, 8875, 'nov', 1, 6),
(2706, 'CH-01QPI', 8660, 3000, 5660, 'nov', 1, 6),
(2707, 'PK-01DSN', 9540, 1737, 7803, 'nov', 1, 6),
(2708, 'CF-01TJA', 7000, 1250, 5750, 'nov', 1, 7),
(2709, 'ST-01LLM', 18403, 5612, 12791, 'nov', 1, 7),
(2710, 'ST-04LLM', 15874, 11360, 4514, 'nov', 1, 7),
(2711, 'SC-01FDV', 8651, 4472, 4179, 'nov', 1, 7),
(2712, 'CH-01QPI', 18900, 10217, 8683, 'nov', 1, 7),
(2713, 'PK-01DSN', 11000, 3820, 7180, 'nov', 1, 7),
(2714, 'CF-01TJA', 16430, 6772, 9658, 'nov', 2, 1),
(2715, 'ST-01LLM', 3850, 1305, 2545, 'nov', 2, 1),
(2716, 'ST-04LLM', 11400, 5450, 5950, 'nov', 2, 1),
(2717, 'SC-01FDV', 4880, 1367, 3513, 'nov', 2, 1),
(2718, 'CH-01QPI', 16354, 4756, 11598, 'nov', 2, 1),
(2719, 'PK-01DSN', 21089, 3820, 17269, 'nov', 2, 1),
(2720, 'CF-01TJA', 13486, 8450, 5036, 'nov', 2, 2),
(2721, 'ST-01LLM', 19155, 8369, 10786, 'nov', 2, 2),
(2722, 'ST-04LLM', 4300, 1238, 3062, 'nov', 2, 2),
(2723, 'SC-01FDV', 8752, 2318, 6434, 'nov', 2, 2),
(2724, 'CH-01QPI', 3575, 1310, 2265, 'nov', 2, 2),
(2725, 'PK-01DSN', 8633, 3888, 4745, 'nov', 2, 2),
(2726, 'CF-01TJA', 12335, 8455, 3880, 'nov', 2, 3),
(2727, 'ST-01LLM', 7863, 2500, 5363, 'nov', 2, 3),
(2728, 'ST-04LLM', 3211, 1650, 1561, 'nov', 2, 3),
(2729, 'SC-01FDV', 15325, 6450, 8875, 'nov', 2, 3),
(2730, 'CH-01QPI', 8660, 3000, 5660, 'nov', 2, 3),
(2731, 'PK-01DSN', 9540, 1737, 7803, 'nov', 2, 3),
(2732, 'CF-01TJA', 14066, 8455, 5611, 'nov', 2, 4),
(2733, 'ST-01LLM', 11385, 2500, 8885, 'nov', 2, 4),
(2734, 'ST-04LLM', 3211, 1650, 1561, 'nov', 2, 4),
(2735, 'SC-01FDV', 4158, 6450, -2292, 'nov', 2, 4),
(2736, 'CH-01QPI', 5301, 3000, 2301, 'nov', 2, 4),
(2737, 'PK-01DSN', 2540, 1737, 803, 'nov', 2, 4),
(2738, 'CF-01TJA', 12850, 3420, 9430, 'nov', 2, 5),
(2739, 'ST-01LLM', 3450, 2600, 850, 'nov', 2, 5),
(2740, 'ST-04LLM', 1601, 2013, -412, 'nov', 2, 5),
(2741, 'SC-01FDV', 4785, 1355, 3430, 'nov', 2, 5),
(2742, 'CH-01QPI', 18900, 1756, 17144, 'nov', 2, 5),
(2743, 'PK-01DSN', 15470, 3820, 11650, 'nov', 2, 5),
(2744, 'CF-01TJA', 7000, 1250, 5750, 'nov', 2, 6),
(2745, 'ST-01LLM', 18403, 5612, 12791, 'nov', 2, 6),
(2746, 'ST-04LLM', 15874, 11360, 4514, 'nov', 2, 6),
(2747, 'SC-01FDV', 8651, 4472, 4179, 'nov', 2, 6),
(2748, 'CH-01QPI', 18900, 10217, 8683, 'nov', 2, 6),
(2749, 'PK-01DSN', 11000, 3820, 7180, 'nov', 2, 6),
(2750, 'CF-01TJA', 12335, 8455, 3880, 'nov', 2, 7),
(2751, 'ST-01LLM', 7863, 2500, 5363, 'nov', 2, 7),
(2752, 'ST-04LLM', 3211, 1650, 1561, 'nov', 2, 7),
(2753, 'SC-01FDV', 15325, 6450, 8875, 'nov', 2, 7),
(2754, 'CH-01QPI', 8660, 3000, 5660, 'nov', 2, 7),
(2755, 'PK-01DSN', 9540, 1737, 7803, 'nov', 2, 7),
(2756, 'CF-01TJA', 7689, 1420, 6269, 'nov', 3, 1),
(2757, 'ST-01LLM', 20015, 2600, 17415, 'nov', 3, 1),
(2758, 'ST-04LLM', 5311, 4872, 439, 'nov', 3, 1),
(2759, 'SC-01FDV', 4366, 1355, 3011, 'nov', 3, 1),
(2760, 'CH-01QPI', 8710, 4756, 3954, 'nov', 3, 1),
(2761, 'PK-01DSN', 11935, 3820, 8115, 'nov', 3, 1),
(2762, 'CF-01TJA', 16430, 6772, 9658, 'nov', 3, 2),
(2763, 'ST-01LLM', 3850, 1305, 2545, 'nov', 3, 2),
(2764, 'ST-04LLM', 11400, 5450, 5950, 'nov', 3, 2),
(2765, 'SC-01FDV', 4880, 1367, 3513, 'nov', 3, 2),
(2766, 'CH-01QPI', 16354, 4756, 11598, 'nov', 3, 2),
(2767, 'PK-01DSN', 21089, 3820, 17269, 'nov', 3, 2),
(2768, 'CF-01TJA', 7000, 1250, 5750, 'nov', 3, 3),
(2769, 'ST-01LLM', 18403, 5612, 12791, 'nov', 3, 3),
(2770, 'ST-04LLM', 15874, 11360, 4514, 'nov', 3, 3),
(2771, 'SC-01FDV', 8651, 4472, 4179, 'nov', 3, 3),
(2772, 'CH-01QPI', 18900, 10217, 8683, 'nov', 3, 3),
(2773, 'PK-01DSN', 11000, 3820, 7180, 'nov', 3, 3),
(2774, 'CF-01TJA', 13486, 8450, 5036, 'nov', 3, 4),
(2775, 'ST-01LLM', 19155, 8369, 10786, 'nov', 3, 4),
(2776, 'ST-04LLM', 4300, 1238, 3062, 'nov', 3, 4),
(2777, 'SC-01FDV', 8752, 2318, 6434, 'nov', 3, 4),
(2778, 'CH-01QPI', 3575, 1310, 2265, 'nov', 3, 4),
(2779, 'PK-01DSN', 8633, 3888, 4745, 'nov', 3, 4),
(2780, 'CF-01TJA', 14066, 8455, 5611, 'nov', 3, 5),
(2781, 'ST-01LLM', 11385, 2500, 8885, 'nov', 3, 5),
(2782, 'ST-04LLM', 3211, 1650, 1561, 'nov', 3, 5),
(2783, 'SC-01FDV', 4158, 6450, -2292, 'nov', 3, 5),
(2784, 'CH-01QPI', 5301, 3000, 2301, 'nov', 3, 5),
(2785, 'PK-01DSN', 2540, 1737, 803, 'nov', 3, 5),
(2786, 'CF-01TJA', 16430, 6772, 9658, 'nov', 3, 6),
(2787, 'ST-01LLM', 3850, 1305, 2545, 'nov', 3, 6),
(2788, 'ST-04LLM', 11400, 5450, 5950, 'nov', 3, 6),
(2789, 'SC-01FDV', 4880, 1367, 3513, 'nov', 3, 6),
(2790, 'CH-01QPI', 16354, 4756, 11598, 'nov', 3, 6),
(2791, 'PK-01DSN', 21089, 3820, 17269, 'nov', 3, 6),
(2792, 'CF-01TJA', 7000, 1250, 5750, 'nov', 3, 7),
(2793, 'ST-01LLM', 18403, 5612, 12791, 'nov', 3, 7),
(2794, 'ST-04LLM', 15874, 11360, 4514, 'nov', 3, 7),
(2795, 'SC-01FDV', 8651, 4472, 4179, 'nov', 3, 7),
(2796, 'CH-01QPI', 18900, 10217, 8683, 'nov', 3, 7),
(2797, 'PK-01DSN', 11000, 3820, 7180, 'nov', 3, 7),
(2798, 'CF-01TJA', 12850, 3420, 9430, 'nov', 4, 1),
(2799, 'ST-01LLM', 3450, 2600, 850, 'nov', 4, 1),
(2800, 'ST-04LLM', 1601, 2013, -412, 'nov', 4, 1),
(2801, 'SC-01FDV', 4785, 1355, 3430, 'nov', 4, 1),
(2802, 'CH-01QPI', 18900, 1756, 17144, 'nov', 4, 1),
(2803, 'PK-01DSN', 15470, 3820, 11650, 'nov', 4, 1),
(2804, 'CF-01TJA', 12850, 3420, 9430, 'nov', 4, 2),
(2805, 'ST-01LLM', 3450, 2600, 850, 'nov', 4, 2),
(2806, 'ST-04LLM', 1601, 2013, -412, 'nov', 4, 2),
(2807, 'SC-01FDV', 4785, 1355, 3430, 'nov', 4, 2),
(2808, 'CH-01QPI', 18900, 1756, 17144, 'nov', 4, 2),
(2809, 'PK-01DSN', 15470, 3820, 11650, 'nov', 4, 2),
(2810, 'CF-01TJA', 16430, 6772, 9658, 'nov', 4, 3),
(2811, 'ST-01LLM', 3850, 1305, 2545, 'nov', 4, 3),
(2812, 'ST-04LLM', 11400, 5450, 5950, 'nov', 4, 3),
(2813, 'SC-01FDV', 4880, 1367, 3513, 'nov', 4, 3),
(2814, 'CH-01QPI', 16354, 4756, 11598, 'nov', 4, 3),
(2815, 'PK-01DSN', 21089, 3820, 17269, 'nov', 4, 3),
(2816, 'CF-01TJA', 7689, 1420, 6269, 'nov', 4, 4),
(2817, 'ST-01LLM', 20015, 2600, 17415, 'nov', 4, 4),
(2818, 'ST-04LLM', 5311, 4872, 439, 'nov', 4, 4),
(2819, 'SC-01FDV', 4366, 1355, 3011, 'nov', 4, 4),
(2820, 'CH-01QPI', 8710, 4756, 3954, 'nov', 4, 4),
(2821, 'PK-01DSN', 11935, 3820, 8115, 'nov', 4, 4),
(2822, 'CF-01TJA', 12850, 3420, 9430, 'nov', 4, 5),
(2823, 'ST-01LLM', 3450, 2600, 850, 'nov', 4, 5),
(2824, 'ST-04LLM', 1601, 2013, -412, 'nov', 4, 5),
(2825, 'SC-01FDV', 4785, 1355, 3430, 'nov', 4, 5),
(2826, 'CH-01QPI', 18900, 1756, 17144, 'nov', 4, 5),
(2827, 'PK-01DSN', 15470, 3820, 11650, 'nov', 4, 5),
(2828, 'CF-01TJA', 13486, 8450, 5036, 'nov', 4, 6),
(2829, 'ST-01LLM', 19155, 8369, 10786, 'nov', 4, 6),
(2830, 'ST-04LLM', 4300, 1238, 3062, 'nov', 4, 6),
(2831, 'SC-01FDV', 8752, 2318, 6434, 'nov', 4, 6),
(2832, 'CH-01QPI', 3575, 1310, 2265, 'nov', 4, 6),
(2833, 'PK-01DSN', 8633, 3888, 4745, 'nov', 4, 6),
(2834, 'CF-01TJA', 14066, 8455, 5611, 'nov', 4, 7),
(2835, 'ST-01LLM', 11385, 2500, 8885, 'nov', 4, 7),
(2836, 'ST-04LLM', 3211, 1650, 1561, 'nov', 4, 7),
(2837, 'SC-01FDV', 4158, 6450, -2292, 'nov', 4, 7),
(2838, 'CH-01QPI', 5301, 3000, 2301, 'nov', 4, 7),
(2839, 'PK-01DSN', 2540, 1737, 803, 'nov', 4, 7),
(2840, 'CF-01TJA', 14066, 8455, 5611, 'dec', 1, 1),
(2841, 'ST-01LLM', 11385, 2500, 8885, 'dec', 1, 1),
(2842, 'ST-04LLM', 3211, 1650, 1561, 'dec', 1, 1),
(2843, 'SC-01FDV', 4158, 6450, -2292, 'dec', 1, 1),
(2844, 'CH-01QPI', 5301, 3000, 2301, 'dec', 1, 1),
(2845, 'PK-01DSN', 2540, 1737, 803, 'dec', 1, 1),
(2846, 'CF-01TJA', 8477, 8450, 27, 'dec', 1, 2),
(2847, 'ST-01LLM', 5651, 8369, -2718, 'dec', 1, 2),
(2848, 'ST-04LLM', 10385, 1238, 9147, 'dec', 1, 2),
(2849, 'SC-01FDV', 2756, 2318, 438, 'dec', 1, 2),
(2850, 'CH-01QPI', 6795, 1310, 5485, 'dec', 1, 2),
(2851, 'PK-01DSN', 15301, 3888, 11413, 'dec', 1, 2),
(2852, 'CF-01TJA', 7000, 1250, 5750, 'dec', 1, 3),
(2853, 'ST-01LLM', 18403, 5612, 12791, 'dec', 1, 3),
(2854, 'ST-04LLM', 15874, 11360, 4514, 'dec', 1, 3),
(2855, 'SC-01FDV', 8651, 4472, 4179, 'dec', 1, 3),
(2856, 'CH-01QPI', 18900, 10217, 8683, 'dec', 1, 3),
(2857, 'PK-01DSN', 11000, 3820, 7180, 'dec', 1, 3),
(2858, 'CF-01TJA', 12850, 3420, 9430, 'dec', 1, 4),
(2859, 'ST-01LLM', 3450, 2600, 850, 'dec', 1, 4),
(2860, 'ST-04LLM', 1601, 2013, -412, 'dec', 1, 4),
(2861, 'SC-01FDV', 4785, 1355, 3430, 'dec', 1, 4),
(2862, 'CH-01QPI', 18900, 1756, 17144, 'dec', 1, 4),
(2863, 'PK-01DSN', 15470, 3820, 11650, 'dec', 1, 4),
(2864, 'CF-01TJA', 44377, 13420, 30957, 'dec', 1, 5),
(2865, 'ST-01LLM', 52357, 12600, 39757, 'dec', 1, 5),
(2866, 'ST-04LLM', 50611, 5450, 45161, 'dec', 1, 5),
(2867, 'SC-01FDV', 39634, 10355, 29279, 'dec', 1, 5),
(2868, 'CH-01QPI', 18900, 4756, 14144, 'dec', 1, 5),
(2869, 'PK-01DSN', 15470, 3820, 11650, 'dec', 1, 5),
(2870, 'CF-01TJA', 8477, 8450, 27, 'dec', 1, 6),
(2871, 'ST-01LLM', 5651, 8369, -2718, 'dec', 1, 6),
(2872, 'ST-04LLM', 10385, 1238, 9147, 'dec', 1, 6),
(2873, 'SC-01FDV', 2756, 2318, 438, 'dec', 1, 6),
(2874, 'CH-01QPI', 6795, 1310, 5485, 'dec', 1, 6),
(2875, 'PK-01DSN', 15301, 3888, 11413, 'dec', 1, 6),
(2876, 'CF-01TJA', 7000, 1250, 5750, 'dec', 1, 7),
(2877, 'ST-01LLM', 18403, 5612, 12791, 'dec', 1, 7),
(2878, 'ST-04LLM', 15874, 11360, 4514, 'dec', 1, 7),
(2879, 'SC-01FDV', 8651, 4472, 4179, 'dec', 1, 7),
(2880, 'CH-01QPI', 18900, 10217, 8683, 'dec', 1, 7),
(2881, 'PK-01DSN', 11000, 3820, 7180, 'dec', 1, 7),
(2882, 'CF-01TJA', 16430, 6772, 9658, 'dec', 2, 1),
(2883, 'ST-01LLM', 3850, 1305, 2545, 'dec', 2, 1),
(2884, 'ST-04LLM', 11400, 5450, 5950, 'dec', 2, 1),
(2885, 'SC-01FDV', 4880, 1367, 3513, 'dec', 2, 1),
(2886, 'CH-01QPI', 16354, 4756, 11598, 'dec', 2, 1),
(2887, 'PK-01DSN', 21089, 3820, 17269, 'dec', 2, 1),
(2888, 'CF-01TJA', 13486, 8450, 5036, 'dec', 2, 2),
(2889, 'ST-01LLM', 19155, 8369, 10786, 'dec', 2, 2),
(2890, 'ST-04LLM', 4300, 1238, 3062, 'dec', 2, 2),
(2891, 'SC-01FDV', 8752, 2318, 6434, 'dec', 2, 2),
(2892, 'CH-01QPI', 3575, 1310, 2265, 'dec', 2, 2),
(2893, 'PK-01DSN', 8633, 3888, 4745, 'dec', 2, 2),
(2894, 'CF-01TJA', 12335, 8455, 3880, 'dec', 2, 3),
(2895, 'ST-01LLM', 7863, 2500, 5363, 'dec', 2, 3),
(2896, 'ST-04LLM', 3211, 1650, 1561, 'dec', 2, 3),
(2897, 'SC-01FDV', 15325, 6450, 8875, 'dec', 2, 3),
(2898, 'CH-01QPI', 8660, 3000, 5660, 'dec', 2, 3),
(2899, 'PK-01DSN', 9540, 1737, 7803, 'dec', 2, 3),
(2900, 'CF-01TJA', 14066, 8455, 5611, 'dec', 2, 4),
(2901, 'ST-01LLM', 11385, 2500, 8885, 'dec', 2, 4),
(2902, 'ST-04LLM', 3211, 1650, 1561, 'dec', 2, 4),
(2903, 'SC-01FDV', 4158, 6450, -2292, 'dec', 2, 4),
(2904, 'CH-01QPI', 5301, 3000, 2301, 'dec', 2, 4),
(2905, 'PK-01DSN', 2540, 1737, 803, 'dec', 2, 4),
(2906, 'CF-01TJA', 12850, 3420, 9430, 'dec', 2, 5),
(2907, 'ST-01LLM', 3450, 2600, 850, 'dec', 2, 5),
(2908, 'ST-04LLM', 1601, 2013, -412, 'dec', 2, 5),
(2909, 'SC-01FDV', 4785, 1355, 3430, 'dec', 2, 5),
(2910, 'CH-01QPI', 18900, 1756, 17144, 'dec', 2, 5),
(2911, 'PK-01DSN', 15470, 3820, 11650, 'dec', 2, 5),
(2912, 'CF-01TJA', 7000, 1250, 5750, 'dec', 2, 6),
(2913, 'ST-01LLM', 18403, 5612, 12791, 'dec', 2, 6),
(2914, 'ST-04LLM', 15874, 11360, 4514, 'dec', 2, 6),
(2915, 'SC-01FDV', 8651, 4472, 4179, 'dec', 2, 6),
(2916, 'CH-01QPI', 18900, 10217, 8683, 'dec', 2, 6),
(2917, 'PK-01DSN', 11000, 3820, 7180, 'dec', 2, 6),
(2918, 'CF-01TJA', 12335, 8455, 3880, 'dec', 2, 7),
(2919, 'ST-01LLM', 7863, 2500, 5363, 'dec', 2, 7),
(2920, 'ST-04LLM', 3211, 1650, 1561, 'dec', 2, 7),
(2921, 'SC-01FDV', 15325, 6450, 8875, 'dec', 2, 7),
(2922, 'CH-01QPI', 8660, 3000, 5660, 'dec', 2, 7),
(2923, 'PK-01DSN', 9540, 1737, 7803, 'dec', 2, 7),
(2924, 'CF-01TJA', 7689, 1420, 6269, 'dec', 3, 1),
(2925, 'ST-01LLM', 20015, 2600, 17415, 'dec', 3, 1),
(2926, 'ST-04LLM', 5311, 4872, 439, 'dec', 3, 1),
(2927, 'SC-01FDV', 4366, 1355, 3011, 'dec', 3, 1),
(2928, 'CH-01QPI', 8710, 4756, 3954, 'dec', 3, 1),
(2929, 'PK-01DSN', 11935, 3820, 8115, 'dec', 3, 1),
(2930, 'CF-01TJA', 16430, 6772, 9658, 'dec', 3, 2),
(2931, 'ST-01LLM', 3850, 1305, 2545, 'dec', 3, 2),
(2932, 'ST-04LLM', 11400, 5450, 5950, 'dec', 3, 2),
(2933, 'SC-01FDV', 4880, 1367, 3513, 'dec', 3, 2),
(2934, 'CH-01QPI', 16354, 4756, 11598, 'dec', 3, 2),
(2935, 'PK-01DSN', 21089, 3820, 17269, 'dec', 3, 2),
(2936, 'CF-01TJA', 8477, 8450, 27, 'dec', 3, 3),
(2937, 'ST-01LLM', 5651, 8369, -2718, 'dec', 3, 3),
(2938, 'ST-04LLM', 10385, 1238, 9147, 'dec', 3, 3),
(2939, 'SC-01FDV', 2756, 2318, 438, 'dec', 3, 3),
(2940, 'CH-01QPI', 6795, 1310, 5485, 'dec', 3, 3),
(2941, 'PK-01DSN', 15301, 3888, 11413, 'dec', 3, 3),
(2942, 'CF-01TJA', 13486, 8450, 5036, 'dec', 3, 4),
(2943, 'ST-01LLM', 19155, 8369, 10786, 'dec', 3, 4),
(2944, 'ST-04LLM', 4300, 1238, 3062, 'dec', 3, 4),
(2945, 'SC-01FDV', 8752, 2318, 6434, 'dec', 3, 4),
(2946, 'CH-01QPI', 3575, 1310, 2265, 'dec', 3, 4),
(2947, 'PK-01DSN', 8633, 3888, 4745, 'dec', 3, 4),
(2948, 'CF-01TJA', 8477, 8450, 27, 'dec', 3, 5),
(2949, 'ST-01LLM', 5651, 8369, -2718, 'dec', 3, 5),
(2950, 'ST-04LLM', 10385, 1238, 9147, 'dec', 3, 5),
(2951, 'SC-01FDV', 2756, 2318, 438, 'dec', 3, 5),
(2952, 'CH-01QPI', 6795, 1310, 5485, 'dec', 3, 5),
(2953, 'PK-01DSN', 15301, 3888, 11413, 'dec', 3, 5),
(2954, 'CF-01TJA', 16430, 6772, 9658, 'dec', 3, 6),
(2955, 'ST-01LLM', 3850, 1305, 2545, 'dec', 3, 6),
(2956, 'ST-04LLM', 11400, 5450, 5950, 'dec', 3, 6),
(2957, 'SC-01FDV', 4880, 1367, 3513, 'dec', 3, 6),
(2958, 'CH-01QPI', 16354, 4756, 11598, 'dec', 3, 6),
(2959, 'PK-01DSN', 21089, 3820, 17269, 'dec', 3, 6),
(2960, 'CF-01TJA', 7000, 1250, 5750, 'dec', 3, 7),
(2961, 'ST-01LLM', 18403, 5612, 12791, 'dec', 3, 7),
(2962, 'ST-04LLM', 15874, 11360, 4514, 'dec', 3, 7),
(2963, 'SC-01FDV', 8651, 4472, 4179, 'dec', 3, 7),
(2964, 'CH-01QPI', 18900, 10217, 8683, 'dec', 3, 7),
(2965, 'PK-01DSN', 11000, 3820, 7180, 'dec', 3, 7),
(2966, 'CF-01TJA', 12850, 3420, 9430, 'dec', 4, 1),
(2967, 'ST-01LLM', 3450, 2600, 850, 'dec', 4, 1),
(2968, 'ST-04LLM', 1601, 2013, -412, 'dec', 4, 1),
(2969, 'SC-01FDV', 4785, 1355, 3430, 'dec', 4, 1),
(2970, 'CH-01QPI', 18900, 1756, 17144, 'dec', 4, 1),
(2971, 'PK-01DSN', 15470, 3820, 11650, 'dec', 4, 1),
(2972, 'CF-01TJA', 12850, 3420, 9430, 'dec', 4, 2),
(2973, 'ST-01LLM', 3450, 2600, 850, 'dec', 4, 2),
(2974, 'ST-04LLM', 1601, 2013, -412, 'dec', 4, 2),
(2975, 'SC-01FDV', 4785, 1355, 3430, 'dec', 4, 2),
(2976, 'CH-01QPI', 18900, 1756, 17144, 'dec', 4, 2),
(2977, 'PK-01DSN', 15470, 3820, 11650, 'dec', 4, 2);
INSERT INTO `acc_receivable_sub_ledger` (`id`, `account_name`, `debit`, `credit`, `balance`, `month`, `week`, `day`) VALUES
(2978, 'CF-01TJA', 16430, 6772, 9658, 'dec', 4, 3),
(2979, 'ST-01LLM', 3850, 1305, 2545, 'dec', 4, 3),
(2980, 'ST-04LLM', 11400, 5450, 5950, 'dec', 4, 3),
(2981, 'SC-01FDV', 4880, 1367, 3513, 'dec', 4, 3),
(2982, 'CH-01QPI', 16354, 4756, 11598, 'dec', 4, 3),
(2983, 'PK-01DSN', 21089, 3820, 17269, 'dec', 4, 3),
(2984, 'CF-01TJA', 7689, 1420, 6269, 'dec', 4, 4),
(2985, 'ST-01LLM', 20015, 2600, 17415, 'dec', 4, 4),
(2986, 'ST-04LLM', 5311, 4872, 439, 'dec', 4, 4),
(2987, 'SC-01FDV', 4366, 1355, 3011, 'dec', 4, 4),
(2988, 'CH-01QPI', 8710, 4756, 3954, 'dec', 4, 4),
(2989, 'PK-01DSN', 11935, 3820, 8115, 'dec', 4, 4),
(2990, 'CF-01TJA', 12850, 3420, 9430, 'dec', 4, 5),
(2991, 'ST-01LLM', 3450, 2600, 850, 'dec', 4, 5),
(2992, 'ST-04LLM', 1601, 2013, -412, 'dec', 4, 5),
(2993, 'SC-01FDV', 4785, 1355, 3430, 'dec', 4, 5),
(2994, 'CH-01QPI', 18900, 1756, 17144, 'dec', 4, 5),
(2995, 'PK-01DSN', 15470, 3820, 11650, 'dec', 4, 5),
(2996, 'CF-01TJA', 13486, 8450, 5036, 'dec', 4, 6),
(2997, 'ST-01LLM', 19155, 8369, 10786, 'dec', 4, 6),
(2998, 'ST-04LLM', 4300, 1238, 3062, 'dec', 4, 6),
(2999, 'SC-01FDV', 8752, 2318, 6434, 'dec', 4, 6),
(3000, 'CH-01QPI', 3575, 1310, 2265, 'dec', 4, 6),
(3001, 'PK-01DSN', 8633, 3888, 4745, 'dec', 4, 6),
(3002, 'CF-01TJA', 14066, 8455, 5611, 'dec', 4, 7),
(3003, 'ST-01LLM', 11385, 2500, 8885, 'dec', 4, 7),
(3004, 'ST-04LLM', 3211, 1650, 1561, 'dec', 4, 7),
(3005, 'SC-01FDV', 4158, 6450, -2292, 'dec', 4, 7),
(3006, 'CH-01QPI', 5301, 3000, 2301, 'dec', 4, 7),
(3007, 'PK-01DSN', 2540, 1737, 803, 'dec', 4, 7);

-- --------------------------------------------------------

--
-- Table structure for table `financial_statement`
--

CREATE TABLE `financial_statement` (
  `id` int(11) NOT NULL,
  `name` varchar(255) NOT NULL,
  `type` varchar(255) NOT NULL,
  `value` double NOT NULL,
  `month` varchar(255) NOT NULL,
  `year` int(11) NOT NULL
) ENGINE=InnoDB DEFAULT CHARSET=latin1;

--
-- Dumping data for table `financial_statement`
--

INSERT INTO `financial_statement` (`id`, `name`, `type`, `value`, `month`, `year`) VALUES
(1, 'OPENING BALANCE', 'opening', 50000000, 'january', 2017),
(2, 'Cash incoming', 'opening', 42000, 'january', 2017),
(3, 'Sales', 'Incoming', 51350045, 'january', 2017),
(4, 'Asset sales', 'Incoming', 0, 'january', 2017),
(5, 'Debtor receipts', 'Incoming', 0, 'january', 2017),
(6, 'Other income', 'Incoming', 0, 'january', 2017),
(7, 'Purchases (Stock etc)', 'Outgoing', 27000000, 'january', 2017),
(8, 'Accountant fees', 'Outgoing', 65000, 'january', 2017),
(9, 'Solicitor fees', 'Outgoing', 1000, 'january', 2017),
(10, 'Advertising & marketing', 'Outgoing', 8000000, 'january', 2017),
(11, 'Bank fees & charges', 'Outgoing', 45000, 'january', 2017),
(12, 'Interest paid', 'Outgoing', 75000, 'january', 2017),
(13, 'Credit card fees', 'Outgoing', 2000000, 'january', 2017),
(14, 'Utilities', 'Outgoing', 87000, 'january', 2017),
(15, 'Telephone', 'Outgoing', 3000, 'january', 2017),
(16, 'Lease/loan payments', 'Outgoing', 0, 'january', 2017),
(17, 'Rent & rates', 'Outgoing', 0, 'january', 2017),
(18, 'Motor vehicle expenses', 'Outgoing', 1500000, 'january', 2017),
(19, 'Repairs & maintenance', 'Outgoing', 65000, 'january', 2017),
(20, 'Stationery & printing', 'Outgoing', 53000, 'january', 2017),
(21, 'Membership & affiliation fees', 'Outgoing', 15000, 'january', 2017),
(22, 'Licensing', 'Outgoing', 385000, 'january', 2017),
(23, 'Insurance', 'Outgoing', 75000, 'january', 2017),
(24, 'Superannuation', 'Outgoing', 43000, 'january', 2017),
(25, 'Income tax', 'Outgoing', 500000, 'january', 2017),
(26, 'Wages (including PAYG)', 'Outgoing', 1500000, 'january', 2017),
(28, 'OPENING BALANCE', 'opening', 65000000, 'february', 2017),
(29, 'Cash incoming', 'opening', 87000, 'february', 2017),
(30, 'Sales', 'Incoming', 66000000, 'february', 2017),
(31, 'Asset sales', 'Incoming', 0, 'february', 2017),
(32, 'Debtor receipts', 'Incoming', 0, 'february', 2017),
(33, 'Other income', 'Incoming', 0, 'february', 2017),
(34, 'Purchases (Stock etc)', 'Outgoing', 41000000, 'february', 2017),
(35, 'Accountant fees', 'Outgoing', 65000, 'february', 2017),
(36, 'Solicitor fees', 'Outgoing', 1000, 'february', 2017),
(37, 'Advertising & marketing', 'Outgoing', 8000000, 'february', 2017),
(38, 'Bank fees & charges', 'Outgoing', 45000, 'february', 2017),
(39, 'Interest paid', 'Outgoing', 75000, 'february', 2017),
(40, 'Credit card fees', 'Outgoing', 2000000, 'february', 2017),
(41, 'Utilities', 'Outgoing', 87000, 'february', 2017),
(42, 'Telephone', 'Outgoing', 3000, 'february', 2017),
(43, 'Lease/loan payments', 'Outgoing', 0, 'february', 2017),
(44, 'Rent & rates', 'Outgoing', 0, 'february', 2017),
(45, 'Motor vehicle expenses', 'Outgoing', 1500000, 'february', 2017),
(46, 'Repairs & maintenance', 'Outgoing', 65000, 'february', 2017),
(47, 'Stationery & printing', 'Outgoing', 53000, 'february', 2017),
(48, 'Membership & affiliation fees', 'Outgoing', 15000, 'february', 2017),
(49, 'Licensing', 'Outgoing', 385000, 'february', 2017),
(50, 'Insurance', 'Outgoing', 75000, 'february', 2017),
(51, 'Superannuation', 'Outgoing', 43000, 'february', 2017),
(52, 'Income tax', 'Outgoing', 500000, 'february', 2017),
(53, 'Wages (including PAYG)', 'Outgoing', 1500000, 'february', 2017),
(55, 'OPENING BALANCE', 'opening', 35000000, 'march', 2017),
(56, 'Cash incoming', 'opening', 30000, 'march', 2017),
(57, 'Sales', 'Incoming', 36000000, 'march', 2017),
(58, 'Asset sales', 'Incoming', 0, 'march', 2017),
(59, 'Debtor receipts', 'Incoming', 0, 'march', 2017),
(60, 'Other income', 'Incoming', 0, 'march', 2017),
(61, 'Purchases (Stock etc)', 'Outgoing', 15000000, 'march', 2017),
(62, 'Accountant fees', 'Outgoing', 65000, 'march', 2017),
(63, 'Solicitor fees', 'Outgoing', 1000, 'march', 2017),
(64, 'Advertising & marketing', 'Outgoing', 8000000, 'march', 2017),
(65, 'Bank fees & charges', 'Outgoing', 45000, 'march', 2017),
(66, 'Interest paid', 'Outgoing', 75000, 'march', 2017),
(67, 'Credit card fees', 'Outgoing', 2000000, 'march', 2017),
(68, 'Utilities', 'Outgoing', 87000, 'march', 2017),
(69, 'Telephone', 'Outgoing', 3000, 'march', 2017),
(70, 'Lease/loan payments', 'Outgoing', 0, 'march', 2017),
(71, 'Rent & rates', 'Outgoing', 0, 'march', 2017),
(72, 'Motor vehicle expenses', 'Outgoing', 1500000, 'march', 2017),
(73, 'Repairs & maintenance', 'Outgoing', 65000, 'march', 2017),
(74, 'Stationery & printing', 'Outgoing', 53000, 'march', 2017),
(75, 'Membership & affiliation fees', 'Outgoing', 15000, 'march', 2017),
(76, 'Licensing', 'Outgoing', 385000, 'march', 2017),
(77, 'Insurance', 'Outgoing', 75000, 'march', 2017),
(78, 'Superannuation', 'Outgoing', 43000, 'march', 2017),
(79, 'Income tax', 'Outgoing', 500000, 'march', 2017),
(80, 'Wages (including PAYG)', 'Outgoing', 1500000, 'march', 2017),
(82, 'OPENING BALANCE', 'opening', 50000000, 'april', 2017),
(83, 'Cash incoming', 'opening', 42000, 'april', 2017),
(84, 'Sales', 'Incoming', 51000000, 'april', 2017),
(85, 'Asset sales', 'Incoming', 0, 'april', 2017),
(86, 'Debtor receipts', 'Incoming', 0, 'april', 2017),
(87, 'Other income', 'Incoming', 0, 'april', 2017),
(88, 'Purchases (Stock etc)', 'Outgoing', 25000000, 'april', 2017),
(89, 'Accountant fees', 'Outgoing', 65000, 'april', 2017),
(90, 'Solicitor fees', 'Outgoing', 1000, 'april', 2017),
(91, 'Advertising & marketing', 'Outgoing', 8000000, 'april', 2017),
(92, 'Bank fees & charges', 'Outgoing', 45000, 'april', 2017),
(93, 'Interest paid', 'Outgoing', 75000, 'april', 2017),
(94, 'Credit card fees', 'Outgoing', 2000000, 'april', 2017),
(95, 'Utilities', 'Outgoing', 87000, 'april', 2017),
(96, 'Telephone', 'Outgoing', 3000, 'april', 2017),
(97, 'Lease/loan payments', 'Outgoing', 0, 'april', 2017),
(98, 'Rent & rates', 'Outgoing', 0, 'april', 2017),
(99, 'Motor vehicle expenses', 'Outgoing', 1500000, 'april', 2017),
(100, 'Repairs & maintenance', 'Outgoing', 65000, 'april', 2017),
(101, 'Stationery & printing', 'Outgoing', 53000, 'april', 2017),
(102, 'Membership & affiliation fees', 'Outgoing', 15000, 'april', 2017),
(103, 'Licensing', 'Outgoing', 385000, 'april', 2017),
(104, 'Insurance', 'Outgoing', 75000, 'april', 2017),
(105, 'Superannuation', 'Outgoing', 43000, 'april', 2017),
(106, 'Income tax', 'Outgoing', 500000, 'april', 2017),
(107, 'Wages (including PAYG)', 'Outgoing', 1500000, 'april', 2017),
(109, 'OPENING BALANCE', 'opening', 72000000, 'may', 2017),
(110, 'Cash incoming', 'opening', 96000, 'may', 2017),
(111, 'Sales', 'Incoming', 73300000, 'may', 2017),
(112, 'Asset sales', 'Incoming', 0, 'may', 2017),
(113, 'Debtor receipts', 'Incoming', 0, 'may', 2017),
(114, 'Other income', 'Incoming', 0, 'may', 2017),
(115, 'Purchases (Stock etc)', 'Outgoing', 33000000, 'may', 2017),
(116, 'Accountant fees', 'Outgoing', 65000, 'may', 2017),
(117, 'Solicitor fees', 'Outgoing', 1000, 'may', 2017),
(118, 'Advertising & marketing', 'Outgoing', 8000000, 'may', 2017),
(119, 'Bank fees & charges', 'Outgoing', 45000, 'may', 2017),
(120, 'Interest paid', 'Outgoing', 75000, 'may', 2017),
(121, 'Credit card fees', 'Outgoing', 2000000, 'may', 2017),
(122, 'Utilities', 'Outgoing', 87000, 'may', 2017),
(123, 'Telephone', 'Outgoing', 3000, 'may', 2017),
(124, 'Lease/loan payments', 'Outgoing', 0, 'may', 2017),
(125, 'Rent & rates', 'Outgoing', 0, 'may', 2017),
(126, 'Motor vehicle expenses', 'Outgoing', 1500000, 'may', 2017),
(127, 'Repairs & maintenance', 'Outgoing', 65000, 'may', 2017),
(128, 'Stationery & printing', 'Outgoing', 53000, 'may', 2017),
(129, 'Membership & affiliation fees', 'Outgoing', 15000, 'may', 2017),
(130, 'Licensing', 'Outgoing', 385000, 'may', 2017),
(131, 'Insurance', 'Outgoing', 75000, 'may', 2017),
(132, 'Superannuation', 'Outgoing', 43000, 'may', 2017),
(133, 'Income tax', 'Outgoing', 500000, 'may', 2017),
(134, 'Wages (including PAYG)', 'Outgoing', 1500000, 'may', 2017),
(136, 'OPENING BALANCE', 'opening', 97888000, 'june', 2017),
(137, 'Cash incoming', 'opening', 96000, 'june', 2017),
(138, 'Sales', 'Incoming', 48000000, 'june', 2017),
(139, 'Asset sales', 'Incoming', 0, 'june', 2017),
(140, 'Debtor receipts', 'Incoming', 0, 'june', 2017),
(141, 'Other income', 'Incoming', 0, 'june', 2017),
(142, 'Purchases (Stock etc)', 'Outgoing', 18000000, 'june', 2017),
(143, 'Accountant fees', 'Outgoing', 65000, 'june', 2017),
(144, 'Solicitor fees', 'Outgoing', 1000, 'june', 2017),
(145, 'Advertising & marketing', 'Outgoing', 8000000, 'june', 2017),
(146, 'Bank fees & charges', 'Outgoing', 45000, 'june', 2017),
(147, 'Interest paid', 'Outgoing', 75000, 'june', 2017),
(148, 'Credit card fees', 'Outgoing', 2000000, 'june', 2017),
(149, 'Utilities', 'Outgoing', 87000, 'june', 2017),
(150, 'Telephone', 'Outgoing', 3000, 'june', 2017),
(151, 'Lease/loan payments', 'Outgoing', 0, 'june', 2017),
(152, 'Rent & rates', 'Outgoing', 0, 'june', 2017),
(153, 'Motor vehicle expenses', 'Outgoing', 1500000, 'june', 2017),
(154, 'Repairs & maintenance', 'Outgoing', 65000, 'june', 2017),
(155, 'Stationery & printing', 'Outgoing', 53000, 'june', 2017),
(156, 'Membership & affiliation fees', 'Outgoing', 15000, 'june', 2017),
(157, 'Licensing', 'Outgoing', 385000, 'june', 2017),
(158, 'Insurance', 'Outgoing', 75000, 'june', 2017),
(159, 'Superannuation', 'Outgoing', 43000, 'june', 2017),
(160, 'Income tax', 'Outgoing', 500000, 'june', 2017),
(161, 'Wages (including PAYG)', 'Outgoing', 1500000, 'june', 2017),
(163, 'OPENING BALANCE', 'opening', 113476000, 'july', 2017),
(164, 'Cash incoming', 'opening', 45000, 'july', 2017),
(165, 'Sales', 'Incoming', 30000000, 'july', 2017),
(166, 'Asset sales', 'Incoming', 0, 'july', 2017),
(167, 'Debtor receipts', 'Incoming', 0, 'july', 2017),
(168, 'Other income', 'Incoming', 0, 'july', 2017),
(169, 'Purchases (Stock etc)', 'Outgoing', 12000000, 'july', 2017),
(170, 'Accountant fees', 'Outgoing', 65000, 'july', 2017),
(171, 'Solicitor fees', 'Outgoing', 1000, 'july', 2017),
(172, 'Advertising & marketing', 'Outgoing', 8000000, 'july', 2017),
(173, 'Bank fees & charges', 'Outgoing', 45000, 'july', 2017),
(174, 'Interest paid', 'Outgoing', 75000, 'july', 2017),
(175, 'Credit card fees', 'Outgoing', 2000000, 'july', 2017),
(176, 'Utilities', 'Outgoing', 87000, 'july', 2017),
(177, 'Telephone', 'Outgoing', 3000, 'july', 2017),
(178, 'Lease/loan payments', 'Outgoing', 0, 'july', 2017),
(179, 'Rent & rates', 'Outgoing', 0, 'july', 2017),
(180, 'Motor vehicle expenses', 'Outgoing', 1500000, 'july', 2017),
(181, 'Repairs & maintenance', 'Outgoing', 65000, 'july', 2017),
(182, 'Stationery & printing', 'Outgoing', 53000, 'july', 2017),
(183, 'Membership & affiliation fees', 'Outgoing', 15000, 'july', 2017),
(184, 'Licensing', 'Outgoing', 385000, 'july', 2017),
(185, 'Insurance', 'Outgoing', 75000, 'july', 2017),
(186, 'Superannuation', 'Outgoing', 43000, 'july', 2017),
(187, 'Income tax', 'Outgoing', 500000, 'july', 2017),
(188, 'Wages (including PAYG)', 'Outgoing', 1500000, 'july', 2017),
(190, 'OPENING BALANCE', 'opening', 117064000, 'august', 2017),
(191, 'Cash incoming', 'opening', 57000, 'august', 2017),
(192, 'Sales', 'Incoming', 54000000, 'august', 2017),
(193, 'Asset sales', 'Incoming', 0, 'august', 2017),
(194, 'Debtor receipts', 'Incoming', 0, 'august', 2017),
(195, 'Other income', 'Incoming', 0, 'august', 2017),
(196, 'Purchases (Stock etc)', 'Outgoing', 27000000, 'august', 2017),
(197, 'Accountant fees', 'Outgoing', 65000, 'august', 2017),
(198, 'Solicitor fees', 'Outgoing', 1000, 'august', 2017),
(199, 'Advertising & marketing', 'Outgoing', 8000000, 'august', 2017),
(200, 'Bank fees & charges', 'Outgoing', 45000, 'august', 2017),
(201, 'Interest paid', 'Outgoing', 75000, 'august', 2017),
(202, 'Credit card fees', 'Outgoing', 2000000, 'august', 2017),
(203, 'Utilities', 'Outgoing', 87000, 'august', 2017),
(204, 'Telephone', 'Outgoing', 3000, 'august', 2017),
(205, 'Lease/loan payments', 'Outgoing', 0, 'august', 2017),
(206, 'Rent & rates', 'Outgoing', 0, 'august', 2017),
(207, 'Motor vehicle expenses', 'Outgoing', 1500000, 'august', 2017),
(208, 'Repairs & maintenance', 'Outgoing', 65000, 'august', 2017),
(209, 'Stationery & printing', 'Outgoing', 53000, 'august', 2017),
(210, 'Membership & affiliation fees', 'Outgoing', 15000, 'august', 2017),
(211, 'Licensing', 'Outgoing', 385000, 'august', 2017),
(212, 'Insurance', 'Outgoing', 75000, 'august', 2017),
(213, 'Superannuation', 'Outgoing', 43000, 'august', 2017),
(214, 'Income tax', 'Outgoing', 500000, 'august', 2017),
(215, 'Wages (including PAYG)', 'Outgoing', 1500000, 'august', 2017),
(217, 'OPENING BALANCE', 'opening', 129652000, 'september', 2017),
(218, 'Cash incoming', 'opening', 63000, 'september', 2017),
(219, 'Sales', 'Incoming', 35000000, 'september', 2017),
(220, 'Asset sales', 'Incoming', 0, 'september', 2017),
(221, 'Debtor receipts', 'Incoming', 0, 'september', 2017),
(222, 'Other income', 'Incoming', 0, 'september', 2017),
(223, 'Purchases (Stock etc)', 'Outgoing', 17000000, 'september', 2017),
(224, 'Accountant fees', 'Outgoing', 65000, 'september', 2017),
(225, 'Solicitor fees', 'Outgoing', 1000, 'september', 2017),
(226, 'Advertising & marketing', 'Outgoing', 8000000, 'september', 2017),
(227, 'Bank fees & charges', 'Outgoing', 45000, 'september', 2017),
(228, 'Interest paid', 'Outgoing', 75000, 'september', 2017),
(229, 'Credit card fees', 'Outgoing', 2000000, 'september', 2017),
(230, 'Utilities', 'Outgoing', 87000, 'september', 2017),
(231, 'Telephone', 'Outgoing', 3000, 'september', 2017),
(232, 'Lease/loan payments', 'Outgoing', 0, 'september', 2017),
(233, 'Rent & rates', 'Outgoing', 0, 'september', 2017),
(234, 'Motor vehicle expenses', 'Outgoing', 1500000, 'september', 2017),
(235, 'Repairs & maintenance', 'Outgoing', 65000, 'september', 2017),
(236, 'Stationery & printing', 'Outgoing', 53000, 'september', 2017),
(237, 'Membership & affiliation fees', 'Outgoing', 15000, 'september', 2017),
(238, 'Licensing', 'Outgoing', 385000, 'september', 2017),
(239, 'Insurance', 'Outgoing', 75000, 'september', 2017),
(240, 'Superannuation', 'Outgoing', 43000, 'september', 2017),
(241, 'Income tax', 'Outgoing', 500000, 'september', 2017),
(242, 'Wages (including PAYG)', 'Outgoing', 1500000, 'september', 2017),
(244, 'OPENING BALANCE', 'opening', 133240000, 'october', 2017),
(245, 'Cash incoming', 'opening', 44000, 'october', 2017),
(246, 'Sales', 'Incoming', 35000000, 'october', 2017),
(247, 'Asset sales', 'Incoming', 0, 'october', 2017),
(248, 'Debtor receipts', 'Incoming', 0, 'october', 2017),
(249, 'Other income', 'Incoming', 0, 'october', 2017),
(250, 'Purchases (Stock etc)', 'Outgoing', 15000000, 'october', 2017),
(251, 'Accountant fees', 'Outgoing', 65000, 'october', 2017),
(252, 'Solicitor fees', 'Outgoing', 1000, 'october', 2017),
(253, 'Advertising & marketing', 'Outgoing', 8000000, 'october', 2017),
(254, 'Bank fees & charges', 'Outgoing', 45000, 'october', 2017),
(255, 'Interest paid', 'Outgoing', 75000, 'october', 2017),
(256, 'Credit card fees', 'Outgoing', 2000000, 'october', 2017),
(257, 'Utilities', 'Outgoing', 87000, 'october', 2017),
(258, 'Telephone', 'Outgoing', 3000, 'october', 2017),
(259, 'Lease/loan payments', 'Outgoing', 0, 'october', 2017),
(260, 'Rent & rates', 'Outgoing', 0, 'october', 2017),
(261, 'Motor vehicle expenses', 'Outgoing', 1500000, 'october', 2017),
(262, 'Repairs & maintenance', 'Outgoing', 65000, 'october', 2017),
(263, 'Stationery & printing', 'Outgoing', 53000, 'october', 2017),
(264, 'Membership & affiliation fees', 'Outgoing', 15000, 'october', 2017),
(265, 'Licensing', 'Outgoing', 385000, 'october', 2017),
(266, 'Insurance', 'Outgoing', 75000, 'october', 2017),
(267, 'Superannuation', 'Outgoing', 43000, 'october', 2017),
(268, 'Income tax', 'Outgoing', 500000, 'october', 2017),
(269, 'Wages (including PAYG)', 'Outgoing', 1500000, 'october', 2017),
(271, 'OPENING BALANCE', 'opening', 138828000, 'november', 2017),
(272, 'Cash incoming', 'opening', 39000, 'november', 2017),
(273, 'Sales', 'Incoming', 26000000, 'november', 2017),
(274, 'Asset sales', 'Incoming', 0, 'november', 2017),
(275, 'Debtor receipts', 'Incoming', 0, 'november', 2017),
(276, 'Other income', 'Incoming', 0, 'november', 2017),
(277, 'Purchases (Stock etc)', 'Outgoing', 10000000, 'november', 2017),
(278, 'Accountant fees', 'Outgoing', 65000, 'november', 2017),
(279, 'Solicitor fees', 'Outgoing', 1000, 'november', 2017),
(280, 'Advertising & marketing', 'Outgoing', 8000000, 'november', 2017),
(281, 'Bank fees & charges', 'Outgoing', 45000, 'november', 2017),
(282, 'Interest paid', 'Outgoing', 75000, 'november', 2017),
(283, 'Credit card fees', 'Outgoing', 2000000, 'november', 2017),
(284, 'Utilities', 'Outgoing', 87000, 'november', 2017),
(285, 'Telephone', 'Outgoing', 3000, 'november', 2017),
(286, 'Lease/loan payments', 'Outgoing', 0, 'november', 2017),
(287, 'Rent & rates', 'Outgoing', 0, 'november', 2017),
(288, 'Motor vehicle expenses', 'Outgoing', 1500000, 'november', 2017),
(289, 'Repairs & maintenance', 'Outgoing', 65000, 'november', 2017),
(290, 'Stationery & printing', 'Outgoing', 53000, 'november', 2017),
(291, 'Membership & affiliation fees', 'Outgoing', 15000, 'november', 2017),
(292, 'Licensing', 'Outgoing', 385000, 'november', 2017),
(293, 'Insurance', 'Outgoing', 75000, 'november', 2017),
(294, 'Superannuation', 'Outgoing', 43000, 'november', 2017),
(295, 'Income tax', 'Outgoing', 500000, 'november', 2017),
(296, 'Wages (including PAYG)', 'Outgoing', 1500000, 'november', 2017),
(298, 'OPENING BALANCE', 'opening', 140416000, 'december', 2017),
(299, 'Cash incoming', 'opening', 67000, 'december', 2017),
(300, 'Sales', 'Incoming', 32000000, 'december', 2017),
(301, 'Asset sales', 'Incoming', 0, 'december', 2017),
(302, 'Debtor receipts', 'Incoming', 0, 'december', 2017),
(303, 'Other income', 'Incoming', 0, 'december', 2017),
(304, 'Purchases (Stock etc)', 'Outgoing', 15000000, 'december', 2017),
(305, 'Accountant fees', 'Outgoing', 65000, 'december', 2017),
(306, 'Solicitor fees', 'Outgoing', 1000, 'december', 2017),
(307, 'Advertising & marketing', 'Outgoing', 8000000, 'december', 2017),
(308, 'Bank fees & charges', 'Outgoing', 45000, 'december', 2017),
(309, 'Interest paid', 'Outgoing', 75000, 'december', 2017),
(310, 'Credit card fees', 'Outgoing', 2000000, 'december', 2017),
(311, 'Utilities', 'Outgoing', 87000, 'december', 2017),
(312, 'Telephone', 'Outgoing', 3000, 'december', 2017),
(313, 'Lease/loan payments', 'Outgoing', 0, 'december', 2017),
(314, 'Rent & rates', 'Outgoing', 0, 'december', 2017),
(315, 'Motor vehicle expenses', 'Outgoing', 1500000, 'december', 2017),
(316, 'Repairs & maintenance', 'Outgoing', 65000, 'december', 2017),
(317, 'Stationery & printing', 'Outgoing', 53000, 'december', 2017),
(318, 'Membership & affiliation fees', 'Outgoing', 15000, 'december', 2017),
(319, 'Licensing', 'Outgoing', 385000, 'december', 2017),
(320, 'Insurance', 'Outgoing', 75000, 'december', 2017),
(321, 'Superannuation', 'Outgoing', 43000, 'december', 2017),
(322, 'Income tax', 'Outgoing', 500000, 'december', 2017),
(323, 'Wages (including PAYG)', 'Outgoing', 1500000, 'december', 2017);

-- --------------------------------------------------------

--
-- Table structure for table `sales_invoice`
--

CREATE TABLE `sales_invoice` (
  `number` int(11) NOT NULL,
  `company` varchar(255) NOT NULL,
  `address` text NOT NULL,
  `date` date NOT NULL,
  `week` int(11) NOT NULL
) ENGINE=InnoDB DEFAULT CHARSET=latin1;

--
-- Dumping data for table `sales_invoice`
--

INSERT INTO `sales_invoice` (`number`, `company`, `address`, `date`, `week`) VALUES
(1801, 'Knitasia Industries, Inc.', 'No. 1 P. Jacinto St.,, Bagbaguin, Caloocan, 1428 Metro Manila', '2018-01-03', 1),
(1802, 'Rapid Forming Corporation', '2nd Floor Vazquez Madrigal Plaza 51 Annapolis St., Greenhills San Juan', '2018-01-03', 1),
(1803, 'OFIC Philippines Inc.', '73 Heinen Bldg. Bayani Road Taguig City', '2018-01-03', 1),
(1804, 'Kings Thread Trading', 'Severino Reyes St, Santa Cruz, Manila, 1008 Metro Manila', '2018-01-04', 1),
(1805, 'H-chem Industries Inc', '53 F. Pasco Ave., Brgy. Santolan, Pasig City MM Philippines', '2018-01-04', 1),
(1806, 'Personal Collection Direct Selling Inc.', 'G/F Triumph Building 1610 Quezon Avenue, 1100 Quezon City', '2018-01-04', 1),
(1807, 'Mead Johnson Nutrition ', '2309 Don Chino Roces Extension, Makati City', '2018-01-04', 1),
(1808, 'Wilan Merchandising Philippines Incorporated', '460 Quirino Hwy, Novaliches, Quezon City, Metro Manila', '2018-01-05', 1),
(1809, 'JMP Packaging Sales Corporation', '13 Domingo Street, Quezon City, 1106 Metro Manila', '2018-01-05', 1),
(1810, 'Pacific Timber Export Corporation ', 'UDC Compound, Bo. Malhacan, Meycauayan, Bulacan', '2018-01-05', 1),
(1811, 'ArkiMaster Inc.', 'Amang Rodriguez Avenue, Barangay Rosario Pasig', '2018-01-05', 1),
(1812, 'Knitasia Industries, Inc.', 'No. 1 P. Jacinto St.,, Bagbaguin, Caloocan, 1428 Metro Manila', '2018-01-06', 1),
(1813, 'AVON Products Manufacturing Inc. ', 'Ground Floor La Suerte Building, M. Paulino Street, San Pablo City, Laguna', '2018-01-06', 1),
(1814, 'Toyota Calamba Laguna Inc.', 'National Highway 1, Brgy. Turbina, Calamba City, Laguna', '2018-01-06', 1),
(1815, 'Rapid Forming Corporation', '2nd Floor Vazquez Madrigal Plaza 51 Annapolis St., Greenhills San Juan', '2018-01-06', 1),
(1816, 'Mead Johnson Nutrition ', '2309 Don Chino Roces Extension, Makati City', '2018-01-06', 1),
(1817, 'Kings Thread Trading', 'Severino Reyes St, Santa Cruz, Manila, 1008 Metro Manila', '2018-01-07', 1),
(1818, 'H-chem Industries Inc', '53 F. Pasco Ave., Brgy. Santolan, Pasig City MM Philippines', '2018-01-07', 1),
(1819, 'Uratex Philippines Incorporation', 'Villa Paz Village, Barangay Landayan, San Pedro, 4023, Laguna', '2018-01-07', 1),
(1820, 'ArkiMaster Inc.', 'Amang Rodriguez Avenue, Barangay Rosario Pasig', '2018-01-08', 1),
(1821, 'Toyota Calamba Laguna Inc.', 'National Highway 1, Brgy. Turbina, Calamba City, Laguna', '2018-01-08', 1),
(1822, 'NutriAsia', 'JY Campos Centre 9TH Ave., Taguig, 1634 Metro Manila', '2018-01-08', 1),
(1823, 'Burlington Industries Philippines Inc.', 'Bakawan, Wild Cat, Makati, 1203 Kalakhang Maynila', '2018-01-08', 1),
(1824, 'Teravera Corporation', 'Maharlika Highway, Brgy San Francisco, San Pablo City,Laguna', '2018-01-08', 1);

-- --------------------------------------------------------

--
-- Table structure for table `sales_invoice_products`
--

CREATE TABLE `sales_invoice_products` (
  `id` int(11) NOT NULL,
  `invoice_number` int(11) NOT NULL,
  `description` varchar(255) NOT NULL,
  `size` varchar(10) NOT NULL,
  `quantity` int(11) NOT NULL,
  `unit` varchar(255) NOT NULL,
  `cost` double NOT NULL
) ENGINE=InnoDB DEFAULT CHARSET=latin1;

--
-- Dumping data for table `sales_invoice_products`
--

INSERT INTO `sales_invoice_products` (`id`, `invoice_number`, `description`, `size`, `quantity`, `unit`, `cost`) VALUES
(1, 1801, 'White Shirt', 'sm', 156, 'pcs', 55),
(2, 1801, 'White Shirt', 'm', 190, 'pcs', 55),
(3, 1801, 'White Shirt', 'l', 46, 'pcs', 55),
(4, 1802, 'White Shirt', 'sm', 200, 'pcs', 55),
(5, 1802, 'White Shirt', 'm', 88, 'pcs', 55),
(6, 1803, 'White Shirt', 'sm', 56, 'pcs', 55),
(7, 1803, 'White Shirt', 'm', 129, 'pcs', 55),
(8, 1803, 'White Shirt', 'xl', 23, 'pcs', 55),
(9, 1804, 'White Shirt', 'xs', 40, 'pcs', 55),
(10, 1804, 'White Shirt', 'sm', 40, 'pcs', 55),
(11, 1804, 'White Shirt', 'm', 20, 'pcs', 55),
(12, 1804, 'White Shirt', 'xl', 10, 'pcs', 55),
(13, 1805, 'White Shirt', 'sm', 89, 'pcs', 55),
(14, 1805, 'White Shirt', 'm', 34, 'pcs', 55),
(15, 1805, 'White Shirt', 'l', 17, 'pcs', 55),
(16, 1806, 'White Shirt', 'xs', 15, 'pcs', 55),
(17, 1806, 'White Shirt', 'sm', 68, 'pcs', 55),
(18, 1806, 'White Shirt', 'm', 26, 'pcs', 55),
(19, 1806, 'White Shirt', 'l', 18, 'pcs', 55),
(20, 1807, 'White Shirt', 'xs', 126, 'pcs', 55),
(21, 1807, 'White Shirt', 'sm', 357, 'pcs', 55),
(22, 1807, 'White Shirt', 'm', 96, 'pcs', 55),
(23, 1807, 'White Shirt', 'xl', 31, 'pcs', 55),
(24, 1809, 'White Shirt', 'xs', 35, 'pcs', 55),
(25, 1809, 'White Shirt', 's', 88, 'pcs', 55),
(26, 1809, 'White Shirt', 'm', 20, 'pcs', 55),
(27, 1809, 'White Shirt', 'xs', 200, 'pcs', 55),
(28, 1809, 'White Shirt', 's', 380, 'pcs', 55),
(29, 1809, 'White Shirt', 'm', 120, 'pcs', 55),
(30, 1809, 'White Shirt', 'l', 86, 'pcs', 55),
(31, 1810, 'White Shirt', 's', 48, 'pcs', 55),
(32, 1810, 'White Shirt', 'm', 92, 'pcs', 55),
(33, 1810, 'White Shirt', 'l', 60, 'pcs', 55),
(34, 1811, 'White Shirt', 'm', 200, 'pcs', 55),
(35, 1811, 'White Shirt', 'l', 100, 'pcs', 55),
(36, 1812, 'White Shirt', 'sm', 79, 'pcs', 55),
(37, 1812, 'White Shirt', 'm', 156, 'pcs', 55),
(38, 1812, 'White Shirt', 'l', 67, 'pcs', 55),
(39, 1813, 'White Shirt', 'sm', 385, 'pcs', 55),
(40, 1813, 'White Shirt', 'm', 320, 'pcs', 55),
(41, 1813, 'White Shirt', 'l', 160, 'pcs', 55),
(42, 1814, 'White Shirt', 'sm', 180, 'pcs', 55),
(43, 1814, 'White Shirt', 'm', 95, 'pcs', 55),
(44, 1814, 'White Shirt', 'l', 80, 'pcs', 55),
(45, 1814, 'White Shirt', 'xl', 21, 'pcs', 55),
(46, 1815, 'White Shirt', 'xs', 35, 'pcs', 55),
(47, 1815, 'White Shirt', 'sm', 95, 'pcs', 55),
(48, 1815, 'White Shirt', 'm', 80, 'pcs', 55),
(49, 1815, 'White Shirt', 'l', 30, 'pcs', 55),
(50, 1816, 'White Shirt', 'sm', 200, 'pcs', 55),
(51, 1816, 'White Shirt', 'm', 110, 'pcs', 55),
(52, 1816, 'White Shirt', 'l', 85, 'pcs', 55),
(53, 1817, 'White Shirt', 'm', 200, 'pcs', 55),
(54, 1817, 'White Shirt', 'l', 100, 'pcs', 55),
(55, 1818, 'White Shirt', 'sm', 75, 'pcs', 55),
(56, 1818, 'White Shirt', 'm', 110, 'pcs', 55),
(57, 1818, 'White Shirt', 'l', 55, 'pcs', 55),
(58, 1819, 'White Shirt', 'xs', 25, 'pcs', 55),
(59, 1819, 'White Shirt', 'sm', 88, 'pcs', 55),
(60, 1819, 'White Shirt', 'm', 67, 'pcs', 55),
(61, 1819, 'White Shirt', 'l', 35, 'pcs', 55),
(62, 1820, 'White Shirt', 'm', 80, 'pcs', 55),
(63, 1820, 'White Shirt', 'l', 30, 'pcs', 55),
(64, 1821, 'White Shirt', 'sm', 95, 'pcs', 55),
(65, 1821, 'White Shirt', 'm', 35, 'pcs', 55),
(66, 1821, 'White Shirt', 'l', 29, 'pcs', 55),
(67, 1821, 'White Shirt', 'xl', 15, 'pcs', 55),
(68, 1822, 'White Shirt', 'sm', 95, 'pcs', 55),
(69, 1822, 'White Shirt', 'm', 185, 'pcs', 55),
(70, 1822, 'White Shirt', 'l', 55, 'pcs', 55),
(71, 1823, 'White Shirt', 'sm', 60, 'pcs', 55),
(72, 1823, 'White Shirt', 'm', 140, 'pcs', 55),
(73, 1823, 'White Shirt', 'xl', 25, 'pcs', 55),
(74, 1824, 'White Shirt', 'xs', 35, 'pcs', 55),
(75, 1824, 'White Shirt', 's', 97, 'pcs', 55),
(76, 1824, 'White Shirt', 'm', 90, 'pcs', 55),
(77, 1824, 'White Shirt', 'l', 50, 'pcs', 55);

-- --------------------------------------------------------

--
-- Table structure for table `sub_ledger`
--

CREATE TABLE `sub_ledger` (
  `id` int(11) NOT NULL,
  `name` int(11) NOT NULL,
  `type` int(11) NOT NULL,
  `value` int(11) NOT NULL,
  `month` int(11) NOT NULL
) ENGINE=InnoDB DEFAULT CHARSET=latin1;

-- --------------------------------------------------------

--
-- Table structure for table `users`
--

CREATE TABLE `users` (
  `user_id` int(11) NOT NULL,
  `user_fullname` varchar(255) NOT NULL,
  `user_username` varchar(255) NOT NULL,
  `user_password` varchar(255) NOT NULL
) ENGINE=InnoDB DEFAULT CHARSET=latin1;

--
-- Dumping data for table `users`
--

INSERT INTO `users` (`user_id`, `user_fullname`, `user_username`, `user_password`) VALUES
(1, 'Tony Stark', 'ironman', 'ironman');

--
-- Indexes for dumped tables
--

--
-- Indexes for table `acc_receivable_sub_ledger`
--
ALTER TABLE `acc_receivable_sub_ledger`
  ADD PRIMARY KEY (`id`);

--
-- Indexes for table `financial_statement`
--
ALTER TABLE `financial_statement`
  ADD PRIMARY KEY (`id`);

--
-- Indexes for table `sales_invoice`
--
ALTER TABLE `sales_invoice`
  ADD PRIMARY KEY (`number`),
  ADD KEY `number` (`number`);

--
-- Indexes for table `sales_invoice_products`
--
ALTER TABLE `sales_invoice_products`
  ADD PRIMARY KEY (`id`),
  ADD KEY `number_foreign_key` (`invoice_number`);

--
-- Indexes for table `users`
--
ALTER TABLE `users`
  ADD PRIMARY KEY (`user_id`);

--
-- AUTO_INCREMENT for dumped tables
--

--
-- AUTO_INCREMENT for table `acc_receivable_sub_ledger`
--
ALTER TABLE `acc_receivable_sub_ledger`
  MODIFY `id` int(11) NOT NULL AUTO_INCREMENT, AUTO_INCREMENT=3008;
--
-- AUTO_INCREMENT for table `financial_statement`
--
ALTER TABLE `financial_statement`
  MODIFY `id` int(11) NOT NULL AUTO_INCREMENT, AUTO_INCREMENT=324;
--
-- AUTO_INCREMENT for table `sales_invoice_products`
--
ALTER TABLE `sales_invoice_products`
  MODIFY `id` int(11) NOT NULL AUTO_INCREMENT, AUTO_INCREMENT=78;
--
-- AUTO_INCREMENT for table `users`
--
ALTER TABLE `users`
  MODIFY `user_id` int(11) NOT NULL AUTO_INCREMENT, AUTO_INCREMENT=2;COMMIT;

/*!40101 SET CHARACTER_SET_CLIENT=@OLD_CHARACTER_SET_CLIENT */;
/*!40101 SET CHARACTER_SET_RESULTS=@OLD_CHARACTER_SET_RESULTS */;
/*!40101 SET COLLATION_CONNECTION=@OLD_COLLATION_CONNECTION */;
